INFO: 2026-06-05 14:18:15,477: main() 'Using profile folder /home/jay/.config/variety/'
INFO: 2026-06-05 14:18:15,481: perform_upgrade() 'Last run version was 0.9.0 or earlier, current version is 0.9.0'
INFO: 2026-06-05 14:18:15,487: process_command() 'Received command: ['--next']'
INFO: 2026-06-05 14:18:15,489: load() 'Jumble loading'
INFO: 2026-06-05 14:18:15,489: _walk_modules() 'Jumble loading module in __init__ from /usr/lib/python3.14/site-packages/variety/plugins/builtin/__init__.py'
INFO: 2026-06-05 14:18:15,490: _walk_modules() 'Jumble loading module in GoodreadsSource from /usr/lib/python3.14/site-packages/variety/plugins/builtin/quotes/GoodreadsSource.py'
INFO: 2026-06-05 14:18:15,563: load() 'Jumble found plugin class: <class 'GoodreadsSource.GoodreadsSource'>: {'name': 'Goodreads', 'description': 'Fetches quotes from Goodreads.com', 'author': 'Peter Levi', 'version': '0.1'}'
INFO: 2026-06-05 14:18:15,563: _walk_modules() 'Jumble loading module in LocalFilesSource from /usr/lib/python3.14/site-packages/variety/plugins/builtin/quotes/LocalFilesSource.py'
INFO: 2026-06-05 14:18:15,564: load() 'Jumble found plugin class: <class 'LocalFilesSource.LocalFilesSource'>: {'name': 'Local text files', 'description': 'Displays quotes, defined in local text files.\nPut your own txt files in: ~/.config/variety/pluginconfig/quotes/.\nThe file format is:\n\nquote -- author\n.\nsecond quote -- another author\n.\netc...\n\nExample: http://rvelthuis.de/zips/quotes.txt', 'author': 'Peter Levi', 'version': '0.1'}'
INFO: 2026-06-05 14:18:15,564: _walk_modules() 'Jumble loading module in FortuneSource from /usr/lib/python3.14/site-packages/variety/plugins/builtin/quotes/FortuneSource.py'
INFO: 2026-06-05 14:18:15,566: load() 'Jumble found plugin class: <class 'FortuneSource.FortuneSource'>: {'name': 'UNIX fortune program', 'description': 'Displays quotes using the UNIX fortune program. You may want to install additional fortune packs, e.g. fortunes-bofh-excuses.', 'author': 'Dan Jones', 'version': '0.1'}'
INFO: 2026-06-05 14:18:15,566: _walk_modules() 'Jumble loading module in UrbanDictionarySource from /usr/lib/python3.14/site-packages/variety/plugins/builtin/quotes/UrbanDictionarySource.py'
INFO: 2026-06-05 14:18:15,566: load() 'Jumble found plugin class: <class 'UrbanDictionarySource.UrbanDictionarySource'>: {'name': 'Urban Dictionary', 'description': 'Displays definitions from Urban Dictionary', 'author': 'James Miller', 'version': '0.1'}'
INFO: 2026-06-05 14:18:15,567: _walk_modules() 'Jumble loading module in QuotationsPageSource from /usr/lib/python3.14/site-packages/variety/plugins/builtin/quotes/QuotationsPageSource.py'
INFO: 2026-06-05 14:18:15,567: load() 'Jumble found plugin class: <class 'QuotationsPageSource.QuotationsPageSource'>: {'name': 'TheQuotationsPage.com', 'description': 'Fetches quotes from TheQuotationsPage.com', 'author': 'Peter Levi', 'version': '0.1'}'
INFO: 2026-06-05 14:18:15,567: _walk_modules() 'Jumble loading module in __init__ from /usr/lib/python3.14/site-packages/variety/plugins/builtin/quotes/__init__.py'
INFO: 2026-06-05 14:18:15,568: _walk_modules() 'Jumble loading module in MediaRSSSource from /usr/lib/python3.14/site-packages/variety/plugins/builtin/downloaders/MediaRSSSource.py'
INFO: 2026-06-05 14:18:15,570: load() 'Jumble found plugin class: <class 'MediaRSSSource.MediaRSSSource'>: {'name': 'MediaRSSSource', 'description': 'Configurable source for fetching images from MediaRSS feeds', 'author': 'Peter Levi', 'version': '0.1'}'
INFO: 2026-06-05 14:18:15,570: _walk_modules() 'Jumble loading module in ArtStationDownloader from /usr/lib/python3.14/site-packages/variety/plugins/builtin/downloaders/ArtStationDownloader.py'
INFO: 2026-06-05 14:18:15,570: _walk_modules() 'Jumble loading module in BingDownloader from /usr/lib/python3.14/site-packages/variety/plugins/builtin/downloaders/BingDownloader.py'
INFO: 2026-06-05 14:18:15,571: load() 'Jumble found plugin class: <class 'BingDownloader.BingDownloader'>: {'name': 'BingDownloader', 'description': 'Bing Photo of the Day', 'author': 'Peter Levi', 'version': '0.1'}'
INFO: 2026-06-05 14:18:15,571: _walk_modules() 'Jumble loading module in MediaRSSDownloader from /usr/lib/python3.14/site-packages/variety/plugins/builtin/downloaders/MediaRSSDownloader.py'
INFO: 2026-06-05 14:18:15,572: _walk_modules() 'Jumble loading module in WallhavenSource from /usr/lib/python3.14/site-packages/variety/plugins/builtin/downloaders/WallhavenSource.py'
INFO: 2026-06-05 14:18:15,574: load() 'Jumble found plugin class: <class 'WallhavenSource.WallhavenSource'>: {'name': 'WallhavenSource', 'description': 'Configurable source for fetching images from Wallhaven.cc', 'author': 'Peter Levi', 'version': '0.1'}'
INFO: 2026-06-05 14:18:15,575: _walk_modules() 'Jumble loading module in UnsplashConfigurableSource from /usr/lib/python3.14/site-packages/variety/plugins/builtin/downloaders/UnsplashConfigurableSource.py'
INFO: 2026-06-05 14:18:15,576: load() 'Jumble found plugin class: <class 'UnsplashConfigurableSource.UnsplashConfigurableSource'>: {'name': 'UnsplashConfigurableSource', 'description': 'Configurable source for fetching photos from Unsplash.com', 'author': 'Peter Levi', 'version': '0.1'}'
INFO: 2026-06-05 14:18:15,576: _walk_modules() 'Jumble loading module in WallhavenDownloader from /usr/lib/python3.14/site-packages/variety/plugins/builtin/downloaders/WallhavenDownloader.py'
INFO: 2026-06-05 14:18:15,577: _walk_modules() 'Jumble loading module in WallhavenLegacyDownloader from /usr/lib/python3.14/site-packages/variety/plugins/builtin/downloaders/WallhavenLegacyDownloader.py'
INFO: 2026-06-05 14:18:15,577: _walk_modules() 'Jumble loading module in EarthviewDownloader from /usr/lib/python3.14/site-packages/variety/plugins/builtin/downloaders/EarthviewDownloader.py'
INFO: 2026-06-05 14:18:15,578: load() 'Jumble found plugin class: <class 'EarthviewDownloader.EarthviewDownloader'>: {'name': 'EarthviewDownloader', 'description': 'Google Earth View Wallpapers', 'author': 'Peter Levi', 'version': '0.1'}'
INFO: 2026-06-05 14:18:15,578: _walk_modules() 'Jumble loading module in UnsplashDownloader from /usr/lib/python3.14/site-packages/variety/plugins/builtin/downloaders/UnsplashDownloader.py'
INFO: 2026-06-05 14:18:15,579: load() 'Jumble found plugin class: <class 'UnsplashDownloader.UnsplashDownloader'>: {'name': 'UnsplashDownloader', 'description': 'High-resolution photos from Unsplash.com', 'author': 'Peter Levi', 'version': '0.1'}'
INFO: 2026-06-05 14:18:15,579: _walk_modules() 'Jumble loading module in ArtStationSource from /usr/lib/python3.14/site-packages/variety/plugins/builtin/downloaders/ArtStationSource.py'
INFO: 2026-06-05 14:18:15,580: load() 'Jumble found plugin class: <class 'ArtStationSource.ArtStationSource'>: {'name': 'ArtStationSource', 'description': 'Configurable source for fetching images from ArtStation', 'author': 'Denis Gordeev', 'version': '0.1'}'
INFO: 2026-06-05 14:18:15,580: _walk_modules() 'Jumble loading module in __init__ from /usr/lib/python3.14/site-packages/variety/plugins/builtin/downloaders/__init__.py'
INFO: 2026-06-05 14:18:15,580: _walk_modules() 'Jumble loading module in RedditSource from /usr/lib/python3.14/site-packages/variety/plugins/builtin/downloaders/RedditSource.py'
INFO: 2026-06-05 14:18:15,582: load() 'Jumble found plugin class: <class 'RedditSource.RedditSource'>: {'name': 'RedditSource', 'description': 'Configurable source for fetching images from Reddit', 'author': 'Peter Levi', 'version': '0.1'}'
INFO: 2026-06-05 14:18:15,582: _walk_modules() 'Jumble loading module in RedditDownloader from /usr/lib/python3.14/site-packages/variety/plugins/builtin/downloaders/RedditDownloader.py'
INFO: 2026-06-05 14:18:15,582: _walk_modules() 'Jumble loading module in APODDownloader from /usr/lib/python3.14/site-packages/variety/plugins/builtin/downloaders/APODDownloader.py'
INFO: 2026-06-05 14:18:15,583: load() 'Jumble found plugin class: <class 'APODDownloader.APODDownloader'>: {'name': 'APODDownloader', 'description': 'NASA Astro Pic of the Day', 'author': 'Peter Levi', 'version': '0.1'}'
INFO: 2026-06-05 14:18:15,584: _walk_modules() 'Jumble loading module in ResizingDisplayModesPlugin from /usr/lib/python3.14/site-packages/variety/plugins/builtin/display_modes/ResizingDisplayModesPlugin.py'
INFO: 2026-06-05 14:18:15,585: load() 'Jumble found plugin class: <class 'ResizingDisplayModesPlugin.ResizingDisplayModesPlugin'>: {'name': 'ResizingDisplayModesPlugin', 'description': 'Display modes that use image resizing within Variety', 'version': '1.0', 'author': 'Peter Levi'}'
INFO: 2026-06-05 14:18:15,585: _walk_modules() 'Jumble loading module in GnomeDisplayModesPlugin from /usr/lib/python3.14/site-packages/variety/plugins/builtin/display_modes/GnomeDisplayModesPlugin.py'
INFO: 2026-06-05 14:18:15,586: load() 'Jumble found plugin class: <class 'GnomeDisplayModesPlugin.GnomeDisplayModesPlugin'>: {'name': 'GnomeDisplayModesPlugin', 'description': 'Display modes relying on the underlying desktop environment', 'version': '1.0', 'author': 'Peter Levi'}'
INFO: 2026-06-05 14:18:15,586: _walk_modules() 'Jumble loading module in __init__ from /usr/lib/python3.14/site-packages/variety/plugins/builtin/display_modes/__init__.py'
INFO: 2026-06-05 14:18:15,586: _walk_modules() 'Jumble loading module in LegacyDisplayModesPlugin from /usr/lib/python3.14/site-packages/variety/plugins/builtin/display_modes/LegacyDisplayModesPlugin.py'
INFO: 2026-06-05 14:18:15,586: load() 'Jumble found plugin class: <class 'LegacyDisplayModesPlugin.LegacyDisplayModesPlugin'>: {'name': 'LegacyDisplayModesPlugin', 'description': 'Legacy display mode for compatibility with past Variety versions', 'version': '1.0', 'author': 'Peter Levi'}'
INFO: 2026-06-05 14:18:15,587: _walk_modules() 'Jumble loading module in FreepikSource from /home/jay/.config/variety/plugins/FreepikSource.py'
INFO: 2026-06-05 14:18:15,588: load() 'Jumble found plugin class: <class 'FreepikSource.FreepikSource'>: {'name': 'FreepikSource', 'description': 'Download high-quality photos from Freepik', 'author': 'Variety Community', 'version': '1.0'}'
INFO: 2026-06-05 14:18:15,589: _walk_modules() 'Jumble loading module in GeneralURLDownloader from /home/jay/.config/variety/plugins/GeneralURLDownloader.py'
INFO: 2026-06-05 14:18:15,590: _walk_modules() 'Jumble loading module in CustomRedditDownloader from /home/jay/.config/variety/plugins/CustomRedditDownloader.py'
INFO: 2026-06-05 14:18:15,591: _walk_modules() 'Jumble loading module in FreepikDownloader from /home/jay/.config/variety/plugins/FreepikDownloader.py'
INFO: 2026-06-05 14:18:15,592: _walk_modules() 'Jumble loading module in GeneralURLSource from /home/jay/.config/variety/plugins/GeneralURLSource.py'
INFO: 2026-06-05 14:18:15,592: load() 'Jumble found plugin class: <class 'GeneralURLSource.GeneralURLSource'>: {'name': 'GeneralURLSource', 'description': 'Download images from any URL', 'author': 'Variety Community', 'version': '1.0'}'
INFO: 2026-06-05 14:18:15,592: _walk_modules() 'Jumble loading module in CustomRedditSource from /home/jay/.config/variety/plugins/CustomRedditSource.py'
INFO: 2026-06-05 14:18:15,593: load() 'Jumble found plugin class: <class 'CustomRedditSource.CustomRedditSource'>: {'name': 'CustomRedditSource', 'description': 'Add custom subreddits or multi-reddits', 'author': 'Variety Community', 'version': '1.0'}'
INFO: 2026-06-05 14:18:15,593: _walk_modules() 'Jumble loading module in myplu from /home/jay/.config/variety/plugins/myplu.py'
ERROR: 2026-06-05 14:18:15,594: _walk_modules() 'Could not load plugin module /home/jay/.config/variety/plugins/myplu.py'
Traceback (most recent call last):
  File "/usr/lib/python3.14/site-packages/jumble/Jumble.py", line 48, in _walk_modules
    spec.loader.exec_module(module)
    ~~~~~~~~~~~~~~~~~~~~~~~^^^^^^^^
  File "<frozen importlib._bootstrap_external>", line 759, in exec_module
  File "<frozen importlib._bootstrap>", line 491, in _call_with_frames_removed
  File "/home/jay/.config/variety/plugins/myplu.py", line 5, in <module>
    from variety import VarietyPlugin
ImportError: cannot import name 'VarietyPlugin' from 'variety' (/usr/lib/python3.14/site-packages/variety/__init__.py)
INFO: 2026-06-05 14:18:15,614: reload_config() 'Creating new downloader for type wallhaven, location https://wallhaven.cc/toplist'
INFO: 2026-06-05 14:18:15,615: log_options() 'Loaded options:'
INFO: 2026-06-05 14:18:15,615: log_options() 'change_enabled = True'
INFO: 2026-06-05 14:18:15,616: log_options() 'change_interval = 18000'
INFO: 2026-06-05 14:18:15,616: log_options() 'change_lock_screen = False'
INFO: 2026-06-05 14:18:15,616: log_options() 'change_on_start = True'
INFO: 2026-06-05 14:18:15,616: log_options() 'clipboard_enabled = False'
INFO: 2026-06-05 14:18:15,616: log_options() 'clipboard_hosts = ['wallhaven.cc', 'wallpapers.net', 'flickr.com', 'imgur.com', 'deviantart.com', 'interfacelift.com', 'vladstudio.com', 'imageshack.us', 'deviantart.net', 'imageshack.com']'
INFO: 2026-06-05 14:18:15,616: log_options() 'clipboard_use_whitelist = True'
INFO: 2026-06-05 14:18:15,616: log_options() 'clock_date_font = Serif 30'
INFO: 2026-06-05 14:18:15,616: log_options() 'clock_enabled = False'
INFO: 2026-06-05 14:18:15,616: log_options() 'clock_filter = -density 100 -font `fc-match -f '%{file[0]}' '%CLOCK_FONT_NAME'` -pointsize %CLOCK_FONT_SIZE -gravity SouthEast -fill '#00000044' -annotate 0x0+[%HOFFSET+58]+[%VOFFSET+108] '%H:%M' -fill white -annotate 0x0+[%HOFFSET+60]+[%VOFFSET+110] '%H:%M' -font `fc-match -f '%{file[0]}' '%DATE_FONT_NAME'` -pointsize %DATE_FONT_SIZE -fill '#00000044' -annotate 0x0+[%HOFFSET+58]+[%VOFFSET+58] '%A, %B %d' -fill white -annotate 0x0+[%HOFFSET+60]+[%VOFFSET+60] '%A, %B %d''
INFO: 2026-06-05 14:18:15,616: log_options() 'clock_font = Serif 70'
INFO: 2026-06-05 14:18:15,616: log_options() 'configfile = /home/jay/.config/variety/variety.conf'
INFO: 2026-06-05 14:18:15,616: log_options() 'copyto_enabled = False'
INFO: 2026-06-05 14:18:15,616: log_options() 'copyto_folder = Default'
INFO: 2026-06-05 14:18:15,616: log_options() 'desired_color = [160, 160, 160]'
INFO: 2026-06-05 14:18:15,616: log_options() 'desired_color_enabled = False'
INFO: 2026-06-05 14:18:15,616: log_options() 'download_folder = /home/jay/.config/variety/Downloaded'
INFO: 2026-06-05 14:18:15,616: log_options() 'download_preference_ratio = 0.9'
INFO: 2026-06-05 14:18:15,616: log_options() 'favorites_folder = /home/jay/Pictures/Wallpapers'
INFO: 2026-06-05 14:18:15,616: log_options() 'favorites_operations = [['Downloaded', 'Copy'], ['Fetched', 'Move'], ['Others', 'Copy']]'
INFO: 2026-06-05 14:18:15,616: log_options() 'fetched_folder = /home/jay/.config/variety/Fetched'
INFO: 2026-06-05 14:18:15,617: log_options() 'filters = [[False, 'Keep original', ''], [False, 'Grayscale', '-type Grayscale'], [False, 'Heavy blur', '-scale 20% -blur 0x10 -resize 500%'], [False, 'Soft blur', '-scale 20% -blur 0x2 -resize 500%'], [False, 'Oil painting', '-paint 8'], [False, 'Pointilism', '-spread 10 -noise 3'], [False, 'Pixellate', '-scale 3% -scale 3333%']]'
INFO: 2026-06-05 14:18:15,617: log_options() 'get_wallpaper_script = /home/jay/.config/variety/scripts/get_wallpaper'
INFO: 2026-06-05 14:18:15,617: log_options() 'icon = Light'
INFO: 2026-06-05 14:18:15,617: log_options() 'internet_enabled = True'
INFO: 2026-06-05 14:18:15,617: log_options() 'lightness_enabled = False'
INFO: 2026-06-05 14:18:15,617: log_options() 'lightness_mode = 0'
INFO: 2026-06-05 14:18:15,617: log_options() 'min_rating = 4'
INFO: 2026-06-05 14:18:15,617: log_options() 'min_rating_enabled = False'
INFO: 2026-06-05 14:18:15,617: log_options() 'min_size = 80'
INFO: 2026-06-05 14:18:15,617: log_options() 'min_size_enabled = False'
INFO: 2026-06-05 14:18:15,617: log_options() 'name_regex = .*'
INFO: 2026-06-05 14:18:15,617: log_options() 'name_regex_enabled = False'
INFO: 2026-06-05 14:18:15,617: log_options() 'quota_enabled = True'
INFO: 2026-06-05 14:18:15,617: log_options() 'quota_size = 1000'
INFO: 2026-06-05 14:18:15,617: log_options() 'quotes_authors = '
INFO: 2026-06-05 14:18:15,618: log_options() 'quotes_bg_color = [80, 80, 80]'
INFO: 2026-06-05 14:18:15,618: log_options() 'quotes_bg_opacity = 55'
INFO: 2026-06-05 14:18:15,618: log_options() 'quotes_change_enabled = False'
INFO: 2026-06-05 14:18:15,618: log_options() 'quotes_change_interval = 300'
INFO: 2026-06-05 14:18:15,618: log_options() 'quotes_disabled_sources = ['Goodreads', 'Local text files', 'TheQuotationsPage.com', 'UNIX fortune program', 'Urban Dictionary']'
INFO: 2026-06-05 14:18:15,618: log_options() 'quotes_enabled = False'
INFO: 2026-06-05 14:18:15,618: log_options() 'quotes_favorites_file = /home/jay/.config/variety/favorite_quotes.txt'
INFO: 2026-06-05 14:18:15,618: log_options() 'quotes_font = Serif 30'
INFO: 2026-06-05 14:18:15,618: log_options() 'quotes_hpos = 100'
INFO: 2026-06-05 14:18:15,618: log_options() 'quotes_max_length = 250'
INFO: 2026-06-05 14:18:15,618: log_options() 'quotes_tags = '
INFO: 2026-06-05 14:18:15,618: log_options() 'quotes_text_color = [255, 255, 255]'
INFO: 2026-06-05 14:18:15,618: log_options() 'quotes_text_shadow = False'
INFO: 2026-06-05 14:18:15,618: log_options() 'quotes_vpos = 0'
INFO: 2026-06-05 14:18:15,618: log_options() 'quotes_width = 70'
INFO: 2026-06-05 14:18:15,618: log_options() 'safe_mode = False'
INFO: 2026-06-05 14:18:15,618: log_options() 'set_lock_screen_script = /home/jay/.config/variety/scripts/set_lock_screen'
INFO: 2026-06-05 14:18:15,618: log_options() 'set_wallpaper_script = /home/jay/.config/variety/scripts/set_wallpaper'
INFO: 2026-06-05 14:18:15,618: log_options() 'slideshow_custom_enabled = False'
INFO: 2026-06-05 14:18:15,618: log_options() 'slideshow_custom_folder = /home/jay/Pictures'
INFO: 2026-06-05 14:18:15,618: log_options() 'slideshow_downloads_enabled = False'
INFO: 2026-06-05 14:18:15,618: log_options() 'slideshow_fade = 0.4'
INFO: 2026-06-05 14:18:15,618: log_options() 'slideshow_favorites_enabled = True'
INFO: 2026-06-05 14:18:15,618: log_options() 'slideshow_mode = Fullscreen'
INFO: 2026-06-05 14:18:15,618: log_options() 'slideshow_monitor = All'
INFO: 2026-06-05 14:18:15,618: log_options() 'slideshow_pan = 0.05'
INFO: 2026-06-05 14:18:15,619: log_options() 'slideshow_seconds = 6.0'
INFO: 2026-06-05 14:18:15,619: log_options() 'slideshow_sort_order = Random'
INFO: 2026-06-05 14:18:15,619: log_options() 'slideshow_sources_enabled = True'
INFO: 2026-06-05 14:18:15,619: log_options() 'slideshow_zoom = 0.2'
INFO: 2026-06-05 14:18:15,619: log_options() 'smart_enabled = False'
INFO: 2026-06-05 14:18:15,619: log_options() 'smart_notice_shown = False'
INFO: 2026-06-05 14:18:15,619: log_options() 'smart_register_shown = False'
INFO: 2026-06-05 14:18:15,619: log_options() 'sources = [[False, 'favorites', 'The Favorites folder'], [False, 'fetched', 'The Fetched folder'], [False, 'folder', '/usr/share/backgrounds'], [False, 'apod', "NASA's Astronomy Picture of the Day"], [False, 'bing', 'Bing Photo of the Day'], [False, 'earthview', 'Google Earth View Wallpapers'], [False, 'unsplash', 'High-resolution photos from Unsplash.com'], [False, 'artstation', 'https://www.artstation.com/khyzylsaleem.rss'], [True, 'wallhaven', 'https://wallhaven.cc/toplist'], [False, 'folder', '/home/jay/tmptasks/experiment/new/wallpapers_test'], [False, 'reddit', 'https://www.reddit.com/r/wallpapers/hot/'], [False, 'reddit', 'https://www.reddit.com/r/pixelart'], [False, 'reddit', 'https://www.reddit.com/r/carphotography/'], [False, 'reddit', 'https://www.reddit.com/r/wallpaper/'], [False, 'reddit', 'https://www.reddit.com/r/TVWallpapersSFW/'], [False, 'flickr', 'user:www.flickr.com/photos/peter-levi/;user_id:93647178@N00;'], [False, 'natgeo', "National Geographic's photo of the day"], [False, 'reddit_multi', 'Top wallpapers from multiple Reddit communities']]'
INFO: 2026-06-05 14:18:15,619: log_options() 'stats_enabled = True'
INFO: 2026-06-05 14:18:15,619: log_options() 'stats_notice_shown = False'
INFO: 2026-06-05 14:18:15,619: log_options() 'sync_enabled = True'
INFO: 2026-06-05 14:18:15,619: log_options() 'use_landscape_enabled = False'
INFO: 2026-06-05 14:18:15,619: log_options() 'wallhaven_api_key = '
INFO: 2026-06-05 14:18:15,619: log_options() 'wallpaper_auto_rotate = False'
INFO: 2026-06-05 14:18:15,619: log_options() 'wallpaper_display_mode = smart'
INFO: 2026-06-05 14:18:15,619: reload_config() 'No need to clear prepared queue'
INFO: 2026-06-05 14:18:15,619: update_indicator() 'Setting file info to: /usr/share/backgrounds/gnome/adwaita-l.jxl'
INFO: 2026-06-05 14:18:15,623: load_last_change_time() 'Change interval < 6 hours, ignore persisted last_change_time, wait initially the whole interval: 18000'
INFO: 2026-06-05 14:18:15,623: update_indicator() 'Setting file info to: /usr/share/backgrounds/gnome/adwaita-l.jxl'
INFO: 2026-06-05 14:18:15,624: regular_change_thread() 'regular_change thread running'
INFO: 2026-06-05 14:18:15,624: prepare_thread() 'Prepare thread running'
INFO: 2026-06-05 14:18:15,625: prepare_thread() 'Prepared buffer contains 0 images'
INFO: 2026-06-05 14:18:15,625: prepare_thread() 'Preparing some images'
INFO: 2026-06-05 14:18:15,626: prepare_thread() 'After search prepared buffer contains 12 images'
INFO: 2026-06-05 14:18:15,630: update_indicator_icon() 'Creating indicator'
WARNING: 2026-06-05 14:18:15,696: create_menu() 'Variety Slideshow is not installed. This is an optional extension adding pan-and-zoom slideshows to Variety: see https://github.com/peterlevi/variety-slideshow for details'
INFO: 2026-06-05 14:18:15,697: create_indicator() 'indicator backend: AppIndicator3'
INFO: 2026-06-05 14:18:15,723: do_set_wp() 'Calling do_set_wp with /usr/share/backgrounds/gnome/adwaita-l.jxl, time: 1780649295.7236245'
INFO: 2026-06-05 14:18:15,723: do_set_wp() 'Missing file or bad permissions, will not use it: /usr/share/backgrounds/gnome/adwaita-l.jxl'
INFO: 2026-06-05 14:18:15,749: set_from_theme_icon() 'Showing indicator icon variety-indicator from GTK theme'
INFO: 2026-06-05 14:18:17,268: reload() 'Reloading preferences dialog'
INFO: 2026-06-05 14:18:17,627: trigger_download() 'Triggering download thread to check if download needed and possible'
INFO: 2026-06-05 14:18:18,489: set_wallpaper() 'Calling set_wallpaper with /home/jay/.config/variety/Downloaded/wallhaven_wallhaven_cc_toplist/wallhaven-og2yem.jpg'
INFO: 2026-06-05 14:18:18,490: prepare_thread() 'Prepared buffer contains 12 images'
INFO: 2026-06-05 14:18:18,492: do_set_wp() 'Calling do_set_wp with /home/jay/.config/variety/Downloaded/wallhaven_wallhaven_cc_toplist/wallhaven-og2yem.jpg, time: 1780649298.4926894'
INFO: 2026-06-05 14:18:18,631: update_indicator() 'Setting file info to: /home/jay/.config/variety/Downloaded/wallhaven_wallhaven_cc_toplist/wallhaven-og2yem.jpg'
INFO: 2026-06-05 14:18:18,635: list_files() 'More than 1 files in the folders, stop listing'
INFO: 2026-06-05 14:18:20,491: trigger_download() 'Triggering download thread to check if download needed and possible'
INFO: 2026-06-05 14:18:20,492: trigger_download() 'Triggering download thread to check if download needed and possible'
INFO: 2026-06-05 14:18:20,493: get_throttling() 'Wallhaven.cc: parsing serverside options'
INFO: 2026-06-05 14:18:20,493: get_throttling() 'Could not parse Wallhaven.cc serverside options, using defaults 360, 40'
INFO: 2026-06-05 14:18:20,493: get_throttling() 'Wallhaven.cc: parsing serverside options'
INFO: 2026-06-05 14:18:20,493: get_throttling() 'Could not parse Wallhaven.cc serverside options, using defaults 360, 40'
INFO: 2026-06-05 14:18:20,493: download_one() 'Wallhaven.cc: Downloading an image, config: https://wallhaven.cc/toplist'
INFO: 2026-06-05 14:18:20,493: download_one() 'Wallhaven.cc: Queue size: 0'
INFO: 2026-06-05 14:18:20,493: get_throttling() 'Wallhaven.cc: parsing serverside options'
INFO: 2026-06-05 14:18:20,493: get_throttling() 'Could not parse Wallhaven.cc serverside options, using defaults 360, 40'
INFO: 2026-06-05 14:18:20,494: download_one() 'Wallhaven.cc: Filling queue'
INFO: 2026-06-05 14:18:20,494: search() 'Performing wallhaven search: url=https://wallhaven.cc/toplist'
INFO: 2026-06-05 14:18:20,625: set_wallpaper() 'Calling set_wallpaper with /home/jay/.config/variety/Downloaded/wallhaven_wallhaven_cc_toplist/wallhaven-qrlg1r.jpg'
INFO: 2026-06-05 14:18:20,625: prepare_thread() 'Prepared buffer contains 12 images'
INFO: 2026-06-05 14:18:20,629: do_set_wp() 'Calling do_set_wp with /home/jay/.config/variety/Downloaded/wallhaven_wallhaven_cc_toplist/wallhaven-qrlg1r.jpg, time: 1780649300.6290307'
INFO: 2026-06-05 14:18:21,042: reload() 'Reloading preferences dialog'
INFO: 2026-06-05 14:18:21,296: update_indicator() 'Setting file info to: /home/jay/.config/variety/Downloaded/wallhaven_wallhaven_cc_toplist/wallhaven-qrlg1r.jpg'
INFO: 2026-06-05 14:18:21,298: list_files() 'More than 1 files in the folders, stop listing'
INFO: 2026-06-05 14:18:21,487: fill_queue() '300 wallpapers in result, using page 11'
INFO: 2026-06-05 14:18:21,488: search() 'Performing wallhaven search: url=https://wallhaven.cc/toplist?page=11'
INFO: 2026-06-05 14:18:22,627: trigger_download() 'Triggering download thread to check if download needed and possible'
INFO: 2026-06-05 14:18:22,628: trigger_download() 'Triggering download thread to check if download needed and possible'
INFO: 2026-06-05 14:18:22,736: download_one() 'Wallhaven.cc: Queue populated with 12 URLs'
INFO: 2026-06-05 14:18:22,736: download_queue_item() 'Wallpaper URL: https://wallhaven.cc/w/og2g1l'
INFO: 2026-06-05 14:18:23,428: download_queue_item() 'Image src URL: https://w.wallhaven.cc/full/og/wallhaven-og2g1l.jpg'
INFO: 2026-06-05 14:18:23,430: save_locally() 'Origin URL: https://wallhaven.cc/w/og2g1l'
INFO: 2026-06-05 14:18:23,430: save_locally() 'Image URL: https://w.wallhaven.cc/full/og/wallhaven-og2g1l.jpg'
INFO: 2026-06-05 14:18:23,430: save_locally() 'Local path: /home/jay/.config/variety/Downloaded/wallhaven_wallhaven_cc_toplist/wallhaven-og2g1l.jpg'
INFO: 2026-06-05 14:18:29,510: save_locally() 'Download complete'
INFO: 2026-06-05 14:18:29,511: update_indicator() 'Setting file info to: /home/jay/.config/variety/Downloaded/wallhaven_wallhaven_cc_toplist/wallhaven-qrlg1r.jpg'
INFO: 2026-06-05 14:18:29,513: list_files() 'More than 1 files in the folders, stop listing'
INFO: 2026-06-05 14:18:29,513: download_one_from() 'Adding downloaded file /home/jay/.config/variety/Downloaded/wallhaven_wallhaven_cc_toplist/wallhaven-og2g1l.jpg to unseen_downloads'
INFO: 2026-06-05 14:18:30,514: get_throttling() 'Wallhaven.cc: parsing serverside options'
INFO: 2026-06-05 14:18:30,514: get_throttling() 'Could not parse Wallhaven.cc serverside options, using defaults 360, 40'
INFO: 2026-06-05 14:18:30,514: get_throttling() 'Wallhaven.cc: parsing serverside options'
INFO: 2026-06-05 14:18:30,514: get_throttling() 'Could not parse Wallhaven.cc serverside options, using defaults 360, 40'
INFO: 2026-06-05 14:18:30,514: download_one() 'Wallhaven.cc: Downloading an image, config: https://wallhaven.cc/toplist'
INFO: 2026-06-05 14:18:30,514: download_one() 'Wallhaven.cc: Queue size: 11'
INFO: 2026-06-05 14:18:30,514: download_one() 'Wallhaven.cc: Queue populated with 11 URLs'
INFO: 2026-06-05 14:18:30,514: download_queue_item() 'Wallpaper URL: https://wallhaven.cc/w/ly2ddy'
INFO: 2026-06-05 14:18:31,241: download_queue_item() 'Image src URL: https://w.wallhaven.cc/full/ly/wallhaven-ly2ddy.jpg'
INFO: 2026-06-05 14:18:31,243: save_locally() 'Origin URL: https://wallhaven.cc/w/ly2ddy'
INFO: 2026-06-05 14:18:31,243: save_locally() 'Image URL: https://w.wallhaven.cc/full/ly/wallhaven-ly2ddy.jpg'
INFO: 2026-06-05 14:18:31,243: save_locally() 'Local path: /home/jay/.config/variety/Downloaded/wallhaven_wallhaven_cc_toplist/wallhaven-ly2ddy.jpg'
INFO: 2026-06-05 14:18:32,402: apply() 'Applying preferences'
INFO: 2026-06-05 14:18:32,416: reload_config() 'Creating new downloader for type reddit, location https://www.reddit.com/r/pixelart'
INFO: 2026-06-05 14:18:32,416: set_visible() 'Showing indicator icon'
INFO: 2026-06-05 14:18:32,417: set_from_theme_icon() 'Showing indicator icon variety-indicator from GTK theme'
INFO: 2026-06-05 14:18:32,417: _load_credentials() 'Loaded credentials for user: SecurityCautious7515'
INFO: 2026-06-05 14:18:32,606: _load_credentials() 'Loaded credentials for user: SecurityCautious7515'
INFO: 2026-06-05 14:18:34,009: apply() 'Applying preferences'
INFO: 2026-06-05 14:18:34,018: reload_config() 'Creating new downloader for type reddit, location https://www.reddit.com/r/wallpapers/hot/'
INFO: 2026-06-05 14:18:34,019: set_visible() 'Showing indicator icon'
INFO: 2026-06-05 14:18:34,019: _load_credentials() 'Loaded credentials for user: SecurityCautious7515'
INFO: 2026-06-05 14:18:34,020: set_from_theme_icon() 'Showing indicator icon variety-indicator from GTK theme'
INFO: 2026-06-05 14:18:34,213: _load_credentials() 'Loaded credentials for user: SecurityCautious7515'
INFO: 2026-06-05 14:18:35,627: server_options_thread() 'Fetching server options from https://raw.githubusercontent.com/varietywalls/variety/refs/heads/master/serverside/variety_server_options.json'
INFO: 2026-06-05 14:18:38,384: apply() 'Applying preferences'
INFO: 2026-06-05 14:18:38,395: reload_config() 'Creating new downloader for type reddit, location https://www.reddit.com/r/wallpapers/hot/'
INFO: 2026-06-05 14:18:38,395: _load_credentials() 'Loaded credentials for user: SecurityCautious7515'
INFO: 2026-06-05 14:18:38,397: set_visible() 'Showing indicator icon'
INFO: 2026-06-05 14:18:38,397: set_from_theme_icon() 'Showing indicator icon variety-indicator from GTK theme'
INFO: 2026-06-05 14:18:38,587: _load_credentials() 'Loaded credentials for user: SecurityCautious7515'
INFO: 2026-06-05 14:18:39,427: server_options_thread() 'Fetched server options: {'wallbase': {'min_fill_queue_interval': 1800, 'min_download_interval': 1800}, 'wallhaven': {'min_fill_queue_interval': 1800, 'min_download_interval': 1800}, 'wallpapers.net': {'min_fill_queue_interval': 601, 'min_download_interval': 0}, 'unsplash': {'min_fill_queue_interval': 20000000000, 'min_download_interval': 20000000000}, 'unsplash_v2': {'min_fill_queue_interval': 3600, 'min_download_interval': 1800}, 'status_message': {'0.0.1': '', '*': ''}}'
INFO: 2026-06-05 14:18:39,778: save_locally() 'Download complete'
INFO: 2026-06-05 14:18:39,780: update_indicator() 'Setting file info to: /home/jay/.config/variety/Downloaded/wallhaven_wallhaven_cc_toplist/wallhaven-qrlg1r.jpg'
INFO: 2026-06-05 14:18:39,781: list_files() 'More than 1 files in the folders, stop listing'
INFO: 2026-06-05 14:18:39,781: download_one_from() 'Adding downloaded file /home/jay/.config/variety/Downloaded/wallhaven_wallhaven_cc_toplist/wallhaven-ly2ddy.jpg to unseen_downloads'
ERROR: 2026-06-05 14:18:40,562: _get_oauth_token() 'No access token in response'
INFO: 2026-06-05 14:18:40,564: _get_auth_headers() 'No authentication configured (NSFW content may be blocked)'
ERROR: 2026-06-05 14:18:40,565: _get_oauth_token() 'No access token in response'
INFO: 2026-06-05 14:18:40,567: _get_auth_headers() 'No authentication configured (NSFW content may be blocked)'
ERROR: 2026-06-05 14:18:40,568: _get_oauth_token() 'No access token in response'
INFO: 2026-06-05 14:18:40,569: _get_auth_headers() 'No authentication configured (NSFW content may be blocked)'
INFO: 2026-06-05 14:18:40,570: makedirs() 'Creating folder /home/jay/.config/variety/Downloaded/reddit_www_reddit_com_r_pixelart'
ERROR: 2026-06-05 14:18:40,571: _get_oauth_token() 'No access token in response'
ERROR: 2026-06-05 14:18:40,572: _get_oauth_token() 'No access token in response'
INFO: 2026-06-05 14:18:40,574: _get_auth_headers() 'No authentication configured (NSFW content may be blocked)'
INFO: 2026-06-05 14:18:40,574: reload_config() 'Creating new downloader for type reddit, location https://www.reddit.com/r/wallpaper/'
INFO: 2026-06-05 14:18:40,574: _load_credentials() 'Loaded credentials for user: SecurityCautious7515'
INFO: 2026-06-05 14:18:40,576: makedirs() 'Creating folder /home/jay/.config/variety/Downloaded/reddit_www_reddit_com_r_wallpapers_hot_'
ERROR: 2026-06-05 14:18:40,578: _get_oauth_token() 'No access token in response'
INFO: 2026-06-05 14:18:40,581: _get_auth_headers() 'No authentication configured (NSFW content may be blocked)'
INFO: 2026-06-05 14:18:40,582: _get_auth_headers() 'No authentication configured (NSFW content may be blocked)'
INFO: 2026-06-05 14:18:40,583: log_options() 'Loaded options:'
INFO: 2026-06-05 14:18:40,583: log_options() 'change_enabled = True'
INFO: 2026-06-05 14:18:40,583: log_options() 'change_interval = 18000'
INFO: 2026-06-05 14:18:40,583: log_options() 'change_lock_screen = False'
INFO: 2026-06-05 14:18:40,583: log_options() 'change_on_start = True'
INFO: 2026-06-05 14:18:40,583: log_options() 'clipboard_enabled = False'
INFO: 2026-06-05 14:18:40,583: log_options() 'clipboard_hosts = ['wallhaven.cc', 'wallpapers.net', 'flickr.com', 'imgur.com', 'deviantart.com', 'interfacelift.com', 'vladstudio.com', 'imageshack.us', 'deviantart.net', 'imageshack.com']'
INFO: 2026-06-05 14:18:40,583: log_options() 'clipboard_use_whitelist = True'
INFO: 2026-06-05 14:18:40,583: log_options() 'clock_date_font = Serif 30'
INFO: 2026-06-05 14:18:40,583: log_options() 'clock_enabled = False'
INFO: 2026-06-05 14:18:40,584: log_options() 'clock_filter = -density 100 -font `fc-match -f '%{file[0]}' '%CLOCK_FONT_NAME'` -pointsize %CLOCK_FONT_SIZE -gravity SouthEast -fill '#00000044' -annotate 0x0+[%HOFFSET+58]+[%VOFFSET+108] '%H:%M' -fill white -annotate 0x0+[%HOFFSET+60]+[%VOFFSET+110] '%H:%M' -font `fc-match -f '%{file[0]}' '%DATE_FONT_NAME'` -pointsize %DATE_FONT_SIZE -fill '#00000044' -annotate 0x0+[%HOFFSET+58]+[%VOFFSET+58] '%A, %B %d' -fill white -annotate 0x0+[%HOFFSET+60]+[%VOFFSET+60] '%A, %B %d''
INFO: 2026-06-05 14:18:40,584: log_options() 'clock_font = Serif 70'
INFO: 2026-06-05 14:18:40,584: log_options() 'configfile = /home/jay/.config/variety/variety.conf'
INFO: 2026-06-05 14:18:40,584: log_options() 'copyto_enabled = False'
INFO: 2026-06-05 14:18:40,584: log_options() 'copyto_folder = Default'
INFO: 2026-06-05 14:18:40,584: log_options() 'desired_color = [160, 160, 160]'
INFO: 2026-06-05 14:18:40,584: log_options() 'desired_color_enabled = False'
INFO: 2026-06-05 14:18:40,584: log_options() 'download_folder = /home/jay/.config/variety/Downloaded'
INFO: 2026-06-05 14:18:40,584: log_options() 'download_preference_ratio = 0.9'
INFO: 2026-06-05 14:18:40,584: log_options() 'favorites_folder = /home/jay/Pictures/Wallpapers'
INFO: 2026-06-05 14:18:40,584: log_options() 'favorites_operations = [['Downloaded', 'Copy'], ['Fetched', 'Move'], ['Others', 'Copy']]'
INFO: 2026-06-05 14:18:40,584: log_options() 'fetched_folder = /home/jay/.config/variety/Fetched'
INFO: 2026-06-05 14:18:40,584: log_options() 'filters = [[False, 'Keep original', ''], [False, 'Grayscale', '-type Grayscale'], [False, 'Heavy blur', '-scale 20% -blur 0x10 -resize 500%'], [False, 'Soft blur', '-scale 20% -blur 0x2 -resize 500%'], [False, 'Oil painting', '-paint 8'], [False, 'Pointilism', '-spread 10 -noise 3'], [False, 'Pixellate', '-scale 3% -scale 3333%']]'
INFO: 2026-06-05 14:18:40,584: log_options() 'get_wallpaper_script = /home/jay/.config/variety/scripts/get_wallpaper'
INFO: 2026-06-05 14:18:40,584: log_options() 'icon = Light'
INFO: 2026-06-05 14:18:40,584: log_options() 'internet_enabled = True'
INFO: 2026-06-05 14:18:40,584: log_options() 'lightness_enabled = False'
INFO: 2026-06-05 14:18:40,584: log_options() 'lightness_mode = 0'
INFO: 2026-06-05 14:18:40,584: log_options() 'min_rating = 4'
INFO: 2026-06-05 14:18:40,584: log_options() 'min_rating_enabled = False'
INFO: 2026-06-05 14:18:40,585: log_options() 'min_size = 80'
INFO: 2026-06-05 14:18:40,585: log_options() 'min_size_enabled = False'
INFO: 2026-06-05 14:18:40,585: log_options() 'name_regex = .*'
INFO: 2026-06-05 14:18:40,585: log_options() 'name_regex_enabled = False'
INFO: 2026-06-05 14:18:40,585: log_options() 'quota_enabled = True'
INFO: 2026-06-05 14:18:40,585: log_options() 'quota_size = 1000'
INFO: 2026-06-05 14:18:40,585: log_options() 'quotes_authors = '
INFO: 2026-06-05 14:18:40,585: log_options() 'quotes_bg_color = [80, 80, 80]'
INFO: 2026-06-05 14:18:40,585: log_options() 'quotes_bg_opacity = 55'
INFO: 2026-06-05 14:18:40,585: log_options() 'quotes_change_enabled = False'
INFO: 2026-06-05 14:18:40,585: log_options() 'quotes_change_interval = 300'
INFO: 2026-06-05 14:18:40,585: log_options() 'quotes_disabled_sources = ['Goodreads', 'Local text files', 'TheQuotationsPage.com', 'UNIX fortune program', 'Urban Dictionary']'
INFO: 2026-06-05 14:18:40,585: log_options() 'quotes_enabled = False'
INFO: 2026-06-05 14:18:40,585: log_options() 'quotes_favorites_file = /home/jay/.config/variety/favorite_quotes.txt'
INFO: 2026-06-05 14:18:40,585: log_options() 'quotes_font = Serif 30'
INFO: 2026-06-05 14:18:40,585: log_options() 'quotes_hpos = 100'
INFO: 2026-06-05 14:18:40,585: log_options() 'quotes_max_length = 250'
INFO: 2026-06-05 14:18:40,585: log_options() 'quotes_tags = '
INFO: 2026-06-05 14:18:40,585: log_options() 'quotes_text_color = [255, 255, 255]'
INFO: 2026-06-05 14:18:40,585: log_options() 'quotes_text_shadow = False'
INFO: 2026-06-05 14:18:40,585: log_options() 'quotes_vpos = 0'
INFO: 2026-06-05 14:18:40,585: log_options() 'quotes_width = 70'
INFO: 2026-06-05 14:18:40,585: log_options() 'safe_mode = False'
INFO: 2026-06-05 14:18:40,585: log_options() 'set_lock_screen_script = /home/jay/.config/variety/scripts/set_lock_screen'
INFO: 2026-06-05 14:18:40,585: log_options() 'set_wallpaper_script = /home/jay/.config/variety/scripts/set_wallpaper'
INFO: 2026-06-05 14:18:40,585: log_options() 'slideshow_custom_enabled = False'
INFO: 2026-06-05 14:18:40,585: log_options() 'slideshow_custom_folder = /home/jay/Pictures'
INFO: 2026-06-05 14:18:40,586: log_options() 'slideshow_downloads_enabled = False'
INFO: 2026-06-05 14:18:40,586: log_options() 'slideshow_fade = 0.4'
INFO: 2026-06-05 14:18:40,586: log_options() 'slideshow_favorites_enabled = True'
INFO: 2026-06-05 14:18:40,586: log_options() 'slideshow_mode = Fullscreen'
INFO: 2026-06-05 14:18:40,586: log_options() 'slideshow_monitor = All'
INFO: 2026-06-05 14:18:40,586: log_options() 'slideshow_pan = 0.05'
INFO: 2026-06-05 14:18:40,586: log_options() 'slideshow_seconds = 6.0'
INFO: 2026-06-05 14:18:40,586: log_options() 'slideshow_sort_order = Random'
INFO: 2026-06-05 14:18:40,586: log_options() 'slideshow_sources_enabled = True'
INFO: 2026-06-05 14:18:40,586: log_options() 'slideshow_zoom = 0.2'
INFO: 2026-06-05 14:18:40,586: log_options() 'smart_enabled = False'
INFO: 2026-06-05 14:18:40,586: log_options() 'smart_notice_shown = False'
INFO: 2026-06-05 14:18:40,586: log_options() 'smart_register_shown = False'
INFO: 2026-06-05 14:18:40,586: log_options() 'sources = [[False, 'favorites', 'The Favorites folder'], [False, 'fetched', 'The Fetched folder'], [False, 'folder', '/usr/share/backgrounds'], [False, 'apod', "NASA's Astronomy Picture of the Day"], [False, 'bing', 'Bing Photo of the Day'], [False, 'earthview', 'Google Earth View Wallpapers'], [False, 'unsplash', 'High-resolution photos from Unsplash.com'], [False, 'artstation', 'https://www.artstation.com/khyzylsaleem.rss'], [True, 'wallhaven', 'https://wallhaven.cc/toplist'], [False, 'folder', '/home/jay/tmptasks/experiment/new/wallpapers_test'], [True, 'reddit', 'https://www.reddit.com/r/wallpapers/hot/'], [True, 'reddit', 'https://www.reddit.com/r/pixelart'], [False, 'reddit', 'https://www.reddit.com/r/carphotography/'], [True, 'reddit', 'https://www.reddit.com/r/wallpaper/'], [False, 'reddit', 'https://www.reddit.com/r/TVWallpapersSFW/'], [False, 'flickr', 'user:www.flickr.com/photos/peter-levi/;user_id:93647178@N00;'], [False, 'natgeo', "National Geographic's photo of the day"], [False, 'reddit_multi', 'Top wallpapers from multiple Reddit communities']]'
INFO: 2026-06-05 14:18:40,586: log_options() 'stats_enabled = True'
INFO: 2026-06-05 14:18:40,586: log_options() 'stats_notice_shown = False'
INFO: 2026-06-05 14:18:40,586: log_options() 'sync_enabled = True'
INFO: 2026-06-05 14:18:40,586: log_options() 'use_landscape_enabled = False'
INFO: 2026-06-05 14:18:40,586: log_options() 'wallhaven_api_key = '
INFO: 2026-06-05 14:18:40,586: log_options() 'wallpaper_auto_rotate = False'
INFO: 2026-06-05 14:18:40,586: log_options() 'wallpaper_display_mode = smart'
INFO: 2026-06-05 14:18:40,586: clear_prepared_queue() 'Clearing prepared queue'
INFO: 2026-06-05 14:18:40,586: update_indicator() 'Setting file info to: /home/jay/.config/variety/Downloaded/wallhaven_wallhaven_cc_toplist/wallhaven-qrlg1r.jpg'
INFO: 2026-06-05 14:18:40,585: log_options() 'Loaded options:'
INFO: 2026-06-05 14:18:40,587: log_options() 'change_enabled = True'
INFO: 2026-06-05 14:18:40,587: log_options() 'change_interval = 18000'
INFO: 2026-06-05 14:18:40,587: log_options() 'change_lock_screen = False'
INFO: 2026-06-05 14:18:40,587: log_options() 'change_on_start = True'
INFO: 2026-06-05 14:18:40,587: log_options() 'clipboard_enabled = False'
INFO: 2026-06-05 14:18:40,587: log_options() 'clipboard_hosts = ['wallhaven.cc', 'wallpapers.net', 'flickr.com', 'imgur.com', 'deviantart.com', 'interfacelift.com', 'vladstudio.com', 'imageshack.us', 'deviantart.net', 'imageshack.com']'
INFO: 2026-06-05 14:18:40,587: log_options() 'clipboard_use_whitelist = True'
INFO: 2026-06-05 14:18:40,587: log_options() 'clock_date_font = Serif 30'
INFO: 2026-06-05 14:18:40,587: log_options() 'clock_enabled = False'
INFO: 2026-06-05 14:18:40,587: log_options() 'clock_filter = -density 100 -font `fc-match -f '%{file[0]}' '%CLOCK_FONT_NAME'` -pointsize %CLOCK_FONT_SIZE -gravity SouthEast -fill '#00000044' -annotate 0x0+[%HOFFSET+58]+[%VOFFSET+108] '%H:%M' -fill white -annotate 0x0+[%HOFFSET+60]+[%VOFFSET+110] '%H:%M' -font `fc-match -f '%{file[0]}' '%DATE_FONT_NAME'` -pointsize %DATE_FONT_SIZE -fill '#00000044' -annotate 0x0+[%HOFFSET+58]+[%VOFFSET+58] '%A, %B %d' -fill white -annotate 0x0+[%HOFFSET+60]+[%VOFFSET+60] '%A, %B %d''
INFO: 2026-06-05 14:18:40,587: log_options() 'clock_font = Serif 70'
INFO: 2026-06-05 14:18:40,587: log_options() 'configfile = /home/jay/.config/variety/variety.conf'
INFO: 2026-06-05 14:18:40,588: log_options() 'copyto_enabled = False'
INFO: 2026-06-05 14:18:40,588: log_options() 'copyto_folder = Default'
INFO: 2026-06-05 14:18:40,588: log_options() 'desired_color = [160, 160, 160]'
INFO: 2026-06-05 14:18:40,588: log_options() 'desired_color_enabled = False'
INFO: 2026-06-05 14:18:40,588: log_options() 'download_folder = /home/jay/.config/variety/Downloaded'
INFO: 2026-06-05 14:18:40,588: log_options() 'download_preference_ratio = 0.9'
INFO: 2026-06-05 14:18:40,588: log_options() 'favorites_folder = /home/jay/Pictures/Wallpapers'
INFO: 2026-06-05 14:18:40,588: log_options() 'favorites_operations = [['Downloaded', 'Copy'], ['Fetched', 'Move'], ['Others', 'Copy']]'
INFO: 2026-06-05 14:18:40,588: log_options() 'fetched_folder = /home/jay/.config/variety/Fetched'
INFO: 2026-06-05 14:18:40,588: log_options() 'filters = [[False, 'Keep original', ''], [False, 'Grayscale', '-type Grayscale'], [False, 'Heavy blur', '-scale 20% -blur 0x10 -resize 500%'], [False, 'Soft blur', '-scale 20% -blur 0x2 -resize 500%'], [False, 'Oil painting', '-paint 8'], [False, 'Pointilism', '-spread 10 -noise 3'], [False, 'Pixellate', '-scale 3% -scale 3333%']]'
INFO: 2026-06-05 14:18:40,588: log_options() 'get_wallpaper_script = /home/jay/.config/variety/scripts/get_wallpaper'
INFO: 2026-06-05 14:18:40,588: log_options() 'icon = Light'
INFO: 2026-06-05 14:18:40,588: log_options() 'internet_enabled = True'
INFO: 2026-06-05 14:18:40,588: log_options() 'lightness_enabled = False'
INFO: 2026-06-05 14:18:40,588: log_options() 'lightness_mode = 0'
INFO: 2026-06-05 14:18:40,588: log_options() 'min_rating = 4'
INFO: 2026-06-05 14:18:40,588: log_options() 'min_rating_enabled = False'
INFO: 2026-06-05 14:18:40,588: log_options() 'min_size = 80'
INFO: 2026-06-05 14:18:40,588: log_options() 'min_size_enabled = False'
INFO: 2026-06-05 14:18:40,588: log_options() 'name_regex = .*'
INFO: 2026-06-05 14:18:40,589: log_options() 'name_regex_enabled = False'
INFO: 2026-06-05 14:18:40,589: log_options() 'quota_enabled = True'
INFO: 2026-06-05 14:18:40,589: log_options() 'quota_size = 1000'
INFO: 2026-06-05 14:18:40,589: log_options() 'quotes_authors = '
INFO: 2026-06-05 14:18:40,589: log_options() 'quotes_bg_color = [80, 80, 80]'
INFO: 2026-06-05 14:18:40,589: log_options() 'quotes_bg_opacity = 55'
INFO: 2026-06-05 14:18:40,589: log_options() 'quotes_change_enabled = False'
INFO: 2026-06-05 14:18:40,589: log_options() 'quotes_change_interval = 300'
INFO: 2026-06-05 14:18:40,589: log_options() 'quotes_disabled_sources = ['Goodreads', 'Local text files', 'TheQuotationsPage.com', 'UNIX fortune program', 'Urban Dictionary']'
INFO: 2026-06-05 14:18:40,589: log_options() 'quotes_enabled = False'
INFO: 2026-06-05 14:18:40,589: log_options() 'quotes_favorites_file = /home/jay/.config/variety/favorite_quotes.txt'
INFO: 2026-06-05 14:18:40,589: log_options() 'quotes_font = Serif 30'
INFO: 2026-06-05 14:18:40,589: log_options() 'quotes_hpos = 100'
INFO: 2026-06-05 14:18:40,589: log_options() 'quotes_max_length = 250'
INFO: 2026-06-05 14:18:40,589: log_options() 'quotes_tags = '
INFO: 2026-06-05 14:18:40,589: log_options() 'quotes_text_color = [255, 255, 255]'
INFO: 2026-06-05 14:18:40,589: log_options() 'quotes_text_shadow = False'
INFO: 2026-06-05 14:18:40,589: log_options() 'quotes_vpos = 0'
INFO: 2026-06-05 14:18:40,589: log_options() 'quotes_width = 70'
INFO: 2026-06-05 14:18:40,589: log_options() 'safe_mode = False'
INFO: 2026-06-05 14:18:40,589: log_options() 'set_lock_screen_script = /home/jay/.config/variety/scripts/set_lock_screen'
INFO: 2026-06-05 14:18:40,589: log_options() 'set_wallpaper_script = /home/jay/.config/variety/scripts/set_wallpaper'
INFO: 2026-06-05 14:18:40,589: log_options() 'slideshow_custom_enabled = False'
INFO: 2026-06-05 14:18:40,589: log_options() 'slideshow_custom_folder = /home/jay/Pictures'
INFO: 2026-06-05 14:18:40,589: log_options() 'slideshow_downloads_enabled = False'
INFO: 2026-06-05 14:18:40,590: log_options() 'slideshow_fade = 0.4'
INFO: 2026-06-05 14:18:40,587: prepare_thread() 'Prepared buffer contains 0 images'
INFO: 2026-06-05 14:18:40,590: prepare_thread() 'Preparing some images'
INFO: 2026-06-05 14:18:40,590: log_options() 'slideshow_favorites_enabled = True'
INFO: 2026-06-05 14:18:40,590: log_options() 'slideshow_mode = Fullscreen'
INFO: 2026-06-05 14:18:40,590: log_options() 'slideshow_monitor = All'
INFO: 2026-06-05 14:18:40,590: log_options() 'slideshow_pan = 0.05'
INFO: 2026-06-05 14:18:40,590: log_options() 'slideshow_seconds = 6.0'
INFO: 2026-06-05 14:18:40,590: log_options() 'slideshow_sort_order = Random'
INFO: 2026-06-05 14:18:40,590: log_options() 'slideshow_sources_enabled = True'
INFO: 2026-06-05 14:18:40,590: log_options() 'slideshow_zoom = 0.2'
INFO: 2026-06-05 14:18:40,590: log_options() 'smart_enabled = False'
INFO: 2026-06-05 14:18:40,590: log_options() 'smart_notice_shown = False'
INFO: 2026-06-05 14:18:40,590: log_options() 'smart_register_shown = False'
INFO: 2026-06-05 14:18:40,591: log_options() 'sources = [[False, 'favorites', 'The Favorites folder'], [False, 'fetched', 'The Fetched folder'], [False, 'folder', '/usr/share/backgrounds'], [False, 'apod', "NASA's Astronomy Picture of the Day"], [False, 'bing', 'Bing Photo of the Day'], [False, 'earthview', 'Google Earth View Wallpapers'], [False, 'unsplash', 'High-resolution photos from Unsplash.com'], [False, 'artstation', 'https://www.artstation.com/khyzylsaleem.rss'], [True, 'wallhaven', 'https://wallhaven.cc/toplist'], [False, 'folder', '/home/jay/tmptasks/experiment/new/wallpapers_test'], [True, 'reddit', 'https://www.reddit.com/r/wallpapers/hot/'], [True, 'reddit', 'https://www.reddit.com/r/pixelart'], [False, 'reddit', 'https://www.reddit.com/r/carphotography/'], [True, 'reddit', 'https://www.reddit.com/r/wallpaper/'], [False, 'reddit', 'https://www.reddit.com/r/TVWallpapersSFW/'], [False, 'flickr', 'user:www.flickr.com/photos/peter-levi/;user_id:93647178@N00;'], [False, 'natgeo', "National Geographic's photo of the day"], [False, 'reddit_multi', 'Top wallpapers from multiple Reddit communities']]'
INFO: 2026-06-05 14:18:40,591: log_options() 'stats_enabled = True'
INFO: 2026-06-05 14:18:40,591: log_options() 'stats_notice_shown = False'
INFO: 2026-06-05 14:18:40,591: log_options() 'sync_enabled = True'
INFO: 2026-06-05 14:18:40,591: log_options() 'use_landscape_enabled = False'
INFO: 2026-06-05 14:18:40,591: log_options() 'wallhaven_api_key = '
INFO: 2026-06-05 14:18:40,591: log_options() 'wallpaper_auto_rotate = False'
INFO: 2026-06-05 14:18:40,591: log_options() 'wallpaper_display_mode = smart'
INFO: 2026-06-05 14:18:40,591: clear_prepared_queue() 'Clearing prepared queue'
INFO: 2026-06-05 14:18:40,591: update_indicator() 'Setting file info to: /home/jay/.config/variety/Downloaded/wallhaven_wallhaven_cc_toplist/wallhaven-qrlg1r.jpg'
INFO: 2026-06-05 14:18:40,593: prepare_thread() 'After search prepared buffer contains 0 images'
INFO: 2026-06-05 14:18:40,593: prepare_thread() 'Prepared buffer contains 0 images'
INFO: 2026-06-05 14:18:40,593: prepare_thread() 'Preparing some images'
INFO: 2026-06-05 14:18:40,593: list_files() 'More than 1 files in the folders, stop listing'
INFO: 2026-06-05 14:18:40,596: list_files() 'More than 1 files in the folders, stop listing'
INFO: 2026-06-05 14:18:40,597: prepare_thread() 'After search prepared buffer contains 14 images'
INFO: 2026-06-05 14:18:40,597: prepare_thread() 'Prepared buffer contains 14 images'
INFO: 2026-06-05 14:18:40,598: prepare_thread() 'Prepared buffer contains 14 images'
INFO: 2026-06-05 14:18:40,695: do_set_wp() 'Calling do_set_wp with /home/jay/.config/variety/Downloaded/wallhaven_wallhaven_cc_toplist/wallhaven-qrlg1r.jpg, time: 1780649320.6953893'
INFO: 2026-06-05 14:18:40,782: get_throttling() 'Reddit: parsing serverside options'
INFO: 2026-06-05 14:18:40,783: get_throttling() 'Could not parse Reddit serverside options, using defaults None, None'
INFO: 2026-06-05 14:18:40,783: get_throttling() 'Reddit: parsing serverside options'
INFO: 2026-06-05 14:18:40,783: get_throttling() 'Could not parse Reddit serverside options, using defaults None, None'
INFO: 2026-06-05 14:18:40,783: download_one() 'Reddit: Downloading an image, config: https://www.reddit.com/r/pixelart'
INFO: 2026-06-05 14:18:40,783: download_one() 'Reddit: Queue size: 0'
INFO: 2026-06-05 14:18:40,783: get_throttling() 'Reddit: parsing serverside options'
INFO: 2026-06-05 14:18:40,783: get_throttling() 'Could not parse Reddit serverside options, using defaults None, None'
INFO: 2026-06-05 14:18:40,783: download_one() 'Reddit: Filling queue'
INFO: 2026-06-05 14:18:40,783: fill_queue() 'Custom Reddit URL: https://www.reddit.com/r/pixelart'
INFO: 2026-06-05 14:18:40,783: fill_queue() 'Fetching from: https://www.reddit.com/r/pixelart.json?limit=100 (attempt 1)'
INFO: 2026-06-05 14:18:41,293: update_indicator() 'Setting file info to: /home/jay/.config/variety/Downloaded/wallhaven_wallhaven_cc_toplist/wallhaven-qrlg1r.jpg'
INFO: 2026-06-05 14:18:41,296: list_files() 'More than 1 files in the folders, stop listing'
INFO: 2026-06-05 14:18:41,696: do_set_wp() 'Calling do_set_wp with /home/jay/.config/variety/Downloaded/wallhaven_wallhaven_cc_toplist/wallhaven-qrlg1r.jpg, time: 1780649321.6961792'
ERROR: 2026-06-05 14:18:41,765: _get_oauth_token() 'No access token in response'
INFO: 2026-06-05 14:18:41,767: _get_auth_headers() 'No authentication configured (NSFW content may be blocked)'
INFO: 2026-06-05 14:18:41,767: makedirs() 'Creating folder /home/jay/.config/variety/Downloaded/reddit_www_reddit_com_r_wallpaper_'
INFO: 2026-06-05 14:18:41,767: log_options() 'Loaded options:'
INFO: 2026-06-05 14:18:41,768: log_options() 'change_enabled = True'
INFO: 2026-06-05 14:18:41,768: log_options() 'change_interval = 18000'
INFO: 2026-06-05 14:18:41,768: log_options() 'change_lock_screen = False'
INFO: 2026-06-05 14:18:41,768: log_options() 'change_on_start = True'
INFO: 2026-06-05 14:18:41,768: log_options() 'clipboard_enabled = False'
INFO: 2026-06-05 14:18:41,768: log_options() 'clipboard_hosts = ['wallhaven.cc', 'wallpapers.net', 'flickr.com', 'imgur.com', 'deviantart.com', 'interfacelift.com', 'vladstudio.com', 'imageshack.us', 'deviantart.net', 'imageshack.com']'
INFO: 2026-06-05 14:18:41,768: log_options() 'clipboard_use_whitelist = True'
INFO: 2026-06-05 14:18:41,768: log_options() 'clock_date_font = Serif 30'
INFO: 2026-06-05 14:18:41,768: log_options() 'clock_enabled = False'
INFO: 2026-06-05 14:18:41,768: log_options() 'clock_filter = -density 100 -font `fc-match -f '%{file[0]}' '%CLOCK_FONT_NAME'` -pointsize %CLOCK_FONT_SIZE -gravity SouthEast -fill '#00000044' -annotate 0x0+[%HOFFSET+58]+[%VOFFSET+108] '%H:%M' -fill white -annotate 0x0+[%HOFFSET+60]+[%VOFFSET+110] '%H:%M' -font `fc-match -f '%{file[0]}' '%DATE_FONT_NAME'` -pointsize %DATE_FONT_SIZE -fill '#00000044' -annotate 0x0+[%HOFFSET+58]+[%VOFFSET+58] '%A, %B %d' -fill white -annotate 0x0+[%HOFFSET+60]+[%VOFFSET+60] '%A, %B %d''
INFO: 2026-06-05 14:18:41,768: log_options() 'clock_font = Serif 70'
INFO: 2026-06-05 14:18:41,768: log_options() 'configfile = /home/jay/.config/variety/variety.conf'
INFO: 2026-06-05 14:18:41,768: log_options() 'copyto_enabled = False'
INFO: 2026-06-05 14:18:41,768: log_options() 'copyto_folder = Default'
INFO: 2026-06-05 14:18:41,768: log_options() 'desired_color = [160, 160, 160]'
INFO: 2026-06-05 14:18:41,768: log_options() 'desired_color_enabled = False'
INFO: 2026-06-05 14:18:41,768: log_options() 'download_folder = /home/jay/.config/variety/Downloaded'
INFO: 2026-06-05 14:18:41,768: log_options() 'download_preference_ratio = 0.9'
INFO: 2026-06-05 14:18:41,768: log_options() 'favorites_folder = /home/jay/Pictures/Wallpapers'
INFO: 2026-06-05 14:18:41,768: log_options() 'favorites_operations = [['Downloaded', 'Copy'], ['Fetched', 'Move'], ['Others', 'Copy']]'
INFO: 2026-06-05 14:18:41,768: log_options() 'fetched_folder = /home/jay/.config/variety/Fetched'
INFO: 2026-06-05 14:18:41,768: log_options() 'filters = [[False, 'Keep original', ''], [False, 'Grayscale', '-type Grayscale'], [False, 'Heavy blur', '-scale 20% -blur 0x10 -resize 500%'], [False, 'Soft blur', '-scale 20% -blur 0x2 -resize 500%'], [False, 'Oil painting', '-paint 8'], [False, 'Pointilism', '-spread 10 -noise 3'], [False, 'Pixellate', '-scale 3% -scale 3333%']]'
INFO: 2026-06-05 14:18:41,768: log_options() 'get_wallpaper_script = /home/jay/.config/variety/scripts/get_wallpaper'
INFO: 2026-06-05 14:18:41,768: log_options() 'icon = Light'
INFO: 2026-06-05 14:18:41,768: log_options() 'internet_enabled = True'
INFO: 2026-06-05 14:18:41,768: log_options() 'lightness_enabled = False'
INFO: 2026-06-05 14:18:41,768: log_options() 'lightness_mode = 0'
INFO: 2026-06-05 14:18:41,768: log_options() 'min_rating = 4'
INFO: 2026-06-05 14:18:41,768: log_options() 'min_rating_enabled = False'
INFO: 2026-06-05 14:18:41,768: log_options() 'min_size = 80'
INFO: 2026-06-05 14:18:41,768: log_options() 'min_size_enabled = False'
INFO: 2026-06-05 14:18:41,768: log_options() 'name_regex = .*'
INFO: 2026-06-05 14:18:41,768: log_options() 'name_regex_enabled = False'
INFO: 2026-06-05 14:18:41,768: log_options() 'quota_enabled = True'
INFO: 2026-06-05 14:18:41,768: log_options() 'quota_size = 1000'
INFO: 2026-06-05 14:18:41,768: log_options() 'quotes_authors = '
INFO: 2026-06-05 14:18:41,768: log_options() 'quotes_bg_color = [80, 80, 80]'
INFO: 2026-06-05 14:18:41,768: log_options() 'quotes_bg_opacity = 55'
INFO: 2026-06-05 14:18:41,768: log_options() 'quotes_change_enabled = False'
INFO: 2026-06-05 14:18:41,768: log_options() 'quotes_change_interval = 300'
INFO: 2026-06-05 14:18:41,768: log_options() 'quotes_disabled_sources = ['Goodreads', 'Local text files', 'TheQuotationsPage.com', 'UNIX fortune program', 'Urban Dictionary']'
INFO: 2026-06-05 14:18:41,768: log_options() 'quotes_enabled = False'
INFO: 2026-06-05 14:18:41,768: log_options() 'quotes_favorites_file = /home/jay/.config/variety/favorite_quotes.txt'
INFO: 2026-06-05 14:18:41,769: log_options() 'quotes_font = Serif 30'
INFO: 2026-06-05 14:18:41,769: log_options() 'quotes_hpos = 100'
INFO: 2026-06-05 14:18:41,769: log_options() 'quotes_max_length = 250'
INFO: 2026-06-05 14:18:41,769: log_options() 'quotes_tags = '
INFO: 2026-06-05 14:18:41,769: log_options() 'quotes_text_color = [255, 255, 255]'
INFO: 2026-06-05 14:18:41,769: log_options() 'quotes_text_shadow = False'
INFO: 2026-06-05 14:18:41,769: log_options() 'quotes_vpos = 0'
INFO: 2026-06-05 14:18:41,769: log_options() 'quotes_width = 70'
INFO: 2026-06-05 14:18:41,769: log_options() 'safe_mode = False'
INFO: 2026-06-05 14:18:41,769: log_options() 'set_lock_screen_script = /home/jay/.config/variety/scripts/set_lock_screen'
INFO: 2026-06-05 14:18:41,769: log_options() 'set_wallpaper_script = /home/jay/.config/variety/scripts/set_wallpaper'
INFO: 2026-06-05 14:18:41,769: log_options() 'slideshow_custom_enabled = False'
INFO: 2026-06-05 14:18:41,769: log_options() 'slideshow_custom_folder = /home/jay/Pictures'
INFO: 2026-06-05 14:18:41,769: log_options() 'slideshow_downloads_enabled = False'
INFO: 2026-06-05 14:18:41,769: log_options() 'slideshow_fade = 0.4'
INFO: 2026-06-05 14:18:41,769: log_options() 'slideshow_favorites_enabled = True'
INFO: 2026-06-05 14:18:41,769: log_options() 'slideshow_mode = Fullscreen'
INFO: 2026-06-05 14:18:41,769: log_options() 'slideshow_monitor = All'
INFO: 2026-06-05 14:18:41,769: log_options() 'slideshow_pan = 0.05'
INFO: 2026-06-05 14:18:41,769: log_options() 'slideshow_seconds = 6.0'
INFO: 2026-06-05 14:18:41,769: log_options() 'slideshow_sort_order = Random'
INFO: 2026-06-05 14:18:41,769: log_options() 'slideshow_sources_enabled = True'
INFO: 2026-06-05 14:18:41,769: log_options() 'slideshow_zoom = 0.2'
INFO: 2026-06-05 14:18:41,769: log_options() 'smart_enabled = False'
INFO: 2026-06-05 14:18:41,769: log_options() 'smart_notice_shown = False'
INFO: 2026-06-05 14:18:41,769: log_options() 'smart_register_shown = False'
INFO: 2026-06-05 14:18:41,769: log_options() 'sources = [[False, 'favorites', 'The Favorites folder'], [False, 'fetched', 'The Fetched folder'], [False, 'folder', '/usr/share/backgrounds'], [False, 'apod', "NASA's Astronomy Picture of the Day"], [False, 'bing', 'Bing Photo of the Day'], [False, 'earthview', 'Google Earth View Wallpapers'], [False, 'unsplash', 'High-resolution photos from Unsplash.com'], [False, 'artstation', 'https://www.artstation.com/khyzylsaleem.rss'], [True, 'wallhaven', 'https://wallhaven.cc/toplist'], [False, 'folder', '/home/jay/tmptasks/experiment/new/wallpapers_test'], [True, 'reddit', 'https://www.reddit.com/r/wallpapers/hot/'], [True, 'reddit', 'https://www.reddit.com/r/pixelart'], [False, 'reddit', 'https://www.reddit.com/r/carphotography/'], [True, 'reddit', 'https://www.reddit.com/r/wallpaper/'], [False, 'reddit', 'https://www.reddit.com/r/TVWallpapersSFW/'], [False, 'flickr', 'user:www.flickr.com/photos/peter-levi/;user_id:93647178@N00;'], [False, 'natgeo', "National Geographic's photo of the day"], [False, 'reddit_multi', 'Top wallpapers from multiple Reddit communities']]'
INFO: 2026-06-05 14:18:41,769: log_options() 'stats_enabled = True'
INFO: 2026-06-05 14:18:41,769: log_options() 'stats_notice_shown = False'
INFO: 2026-06-05 14:18:41,769: log_options() 'sync_enabled = True'
INFO: 2026-06-05 14:18:41,769: log_options() 'use_landscape_enabled = False'
INFO: 2026-06-05 14:18:41,769: log_options() 'wallhaven_api_key = '
INFO: 2026-06-05 14:18:41,769: log_options() 'wallpaper_auto_rotate = False'
INFO: 2026-06-05 14:18:41,769: log_options() 'wallpaper_display_mode = smart'
INFO: 2026-06-05 14:18:41,769: clear_prepared_queue() 'Clearing prepared queue'
INFO: 2026-06-05 14:18:41,769: update_indicator() 'Setting file info to: /home/jay/.config/variety/Downloaded/wallhaven_wallhaven_cc_toplist/wallhaven-qrlg1r.jpg'
INFO: 2026-06-05 14:18:41,770: prepare_thread() 'Prepared buffer contains 0 images'
INFO: 2026-06-05 14:18:41,770: prepare_thread() 'Preparing some images'
INFO: 2026-06-05 14:18:41,771: prepare_thread() 'After search prepared buffer contains 14 images'
INFO: 2026-06-05 14:18:41,772: list_files() 'More than 1 files in the folders, stop listing'
INFO: 2026-06-05 14:18:41,773: prepare_thread() 'Prepared buffer contains 14 images'
ERROR: 2026-06-05 14:18:41,909: fill_queue() 'Failed to fetch from Reddit'
Traceback (most recent call last):
  File "/home/jay/.config/variety/plugins/CustomRedditDownloader.py", line 256, in fill_queue
    r.raise_for_status()
    ~~~~~~~~~~~~~~~~~~^^
  File "/usr/lib/python3.14/site-packages/requests/models.py", line 1167, in raise_for_status
    raise HTTPError(http_error_msg, response=self)
requests.exceptions.HTTPError: 403 Client Error: Blocked for url: https://www.reddit.com/r/pixelart.json?limit=100
INFO: 2026-06-05 14:18:41,913: fill_queue() 'Queue populated with 0 images'
INFO: 2026-06-05 14:18:41,915: download_one() 'Reddit: Queue still empty after fill request'
INFO: 2026-06-05 14:18:42,298: update_indicator() 'Setting file info to: /home/jay/.config/variety/Downloaded/wallhaven_wallhaven_cc_toplist/wallhaven-qrlg1r.jpg'
INFO: 2026-06-05 14:18:42,300: list_files() 'More than 1 files in the folders, stop listing'
INFO: 2026-06-05 14:18:42,593: trigger_download() 'Triggering download thread to check if download needed and possible'
INFO: 2026-06-05 14:18:42,597: trigger_download() 'Triggering download thread to check if download needed and possible'
INFO: 2026-06-05 14:18:42,598: trigger_download() 'Triggering download thread to check if download needed and possible'
INFO: 2026-06-05 14:18:42,598: trigger_download() 'Triggering download thread to check if download needed and possible'
INFO: 2026-06-05 14:18:42,696: do_set_wp() 'Calling do_set_wp with /home/jay/.config/variety/Downloaded/wallhaven_wallhaven_cc_toplist/wallhaven-qrlg1r.jpg, time: 1780649322.696862'
INFO: 2026-06-05 14:18:42,916: get_throttling() 'Reddit: parsing serverside options'
INFO: 2026-06-05 14:18:42,917: get_throttling() 'Could not parse Reddit serverside options, using defaults None, None'
INFO: 2026-06-05 14:18:42,917: get_throttling() 'Reddit: parsing serverside options'
INFO: 2026-06-05 14:18:42,917: get_throttling() 'Could not parse Reddit serverside options, using defaults None, None'
INFO: 2026-06-05 14:18:42,917: download_one() 'Reddit: Downloading an image, config: https://www.reddit.com/r/wallpapers/hot/'
INFO: 2026-06-05 14:18:42,917: download_one() 'Reddit: Queue size: 0'
INFO: 2026-06-05 14:18:42,917: get_throttling() 'Reddit: parsing serverside options'
INFO: 2026-06-05 14:18:42,917: get_throttling() 'Could not parse Reddit serverside options, using defaults None, None'
INFO: 2026-06-05 14:18:42,917: download_one() 'Reddit: Filling queue'
INFO: 2026-06-05 14:18:42,917: fill_queue() 'Custom Reddit URL: https://www.reddit.com/r/wallpapers/hot/'
INFO: 2026-06-05 14:18:42,917: fill_queue() 'Fetching from: https://www.reddit.com/r/wallpapers/hot/.json?limit=100 (attempt 1)'
INFO: 2026-06-05 14:18:43,280: update_indicator() 'Setting file info to: /home/jay/.config/variety/Downloaded/wallhaven_wallhaven_cc_toplist/wallhaven-qrlg1r.jpg'
INFO: 2026-06-05 14:18:43,282: list_files() 'More than 1 files in the folders, stop listing'
INFO: 2026-06-05 14:18:43,772: trigger_download() 'Triggering download thread to check if download needed and possible'
INFO: 2026-06-05 14:18:43,774: trigger_download() 'Triggering download thread to check if download needed and possible'
INFO: 2026-06-05 14:18:44,154: trigger_download() 'Triggering download thread to check if download needed and possible'
INFO: 2026-06-05 14:18:44,253: apply() 'Applying preferences'
INFO: 2026-06-05 14:18:44,266: set_visible() 'Showing indicator icon'
INFO: 2026-06-05 14:18:44,266: set_from_theme_icon() 'Showing indicator icon variety-indicator from GTK theme'
INFO: 2026-06-05 14:18:44,267: log_options() 'Loaded options:'
INFO: 2026-06-05 14:18:44,267: log_options() 'change_enabled = True'
INFO: 2026-06-05 14:18:44,267: log_options() 'change_interval = 18000'
INFO: 2026-06-05 14:18:44,267: log_options() 'change_lock_screen = False'
INFO: 2026-06-05 14:18:44,267: log_options() 'change_on_start = True'
INFO: 2026-06-05 14:18:44,267: log_options() 'clipboard_enabled = False'
INFO: 2026-06-05 14:18:44,267: log_options() 'clipboard_hosts = ['wallhaven.cc', 'wallpapers.net', 'flickr.com', 'imgur.com', 'deviantart.com', 'interfacelift.com', 'vladstudio.com', 'imageshack.us', 'deviantart.net', 'imageshack.com']'
INFO: 2026-06-05 14:18:44,267: log_options() 'clipboard_use_whitelist = True'
INFO: 2026-06-05 14:18:44,267: log_options() 'clock_date_font = Serif 30'
INFO: 2026-06-05 14:18:44,267: log_options() 'clock_enabled = False'
INFO: 2026-06-05 14:18:44,267: log_options() 'clock_filter = -density 100 -font `fc-match -f '%{file[0]}' '%CLOCK_FONT_NAME'` -pointsize %CLOCK_FONT_SIZE -gravity SouthEast -fill '#00000044' -annotate 0x0+[%HOFFSET+58]+[%VOFFSET+108] '%H:%M' -fill white -annotate 0x0+[%HOFFSET+60]+[%VOFFSET+110] '%H:%M' -font `fc-match -f '%{file[0]}' '%DATE_FONT_NAME'` -pointsize %DATE_FONT_SIZE -fill '#00000044' -annotate 0x0+[%HOFFSET+58]+[%VOFFSET+58] '%A, %B %d' -fill white -annotate 0x0+[%HOFFSET+60]+[%VOFFSET+60] '%A, %B %d''
INFO: 2026-06-05 14:18:44,267: log_options() 'clock_font = Serif 70'
INFO: 2026-06-05 14:18:44,267: log_options() 'configfile = /home/jay/.config/variety/variety.conf'
INFO: 2026-06-05 14:18:44,267: log_options() 'copyto_enabled = False'
INFO: 2026-06-05 14:18:44,267: log_options() 'copyto_folder = Default'
INFO: 2026-06-05 14:18:44,267: log_options() 'desired_color = [160, 160, 160]'
INFO: 2026-06-05 14:18:44,267: log_options() 'desired_color_enabled = False'
INFO: 2026-06-05 14:18:44,267: log_options() 'download_folder = /home/jay/.config/variety/Downloaded'
INFO: 2026-06-05 14:18:44,267: log_options() 'download_preference_ratio = 0.9'
INFO: 2026-06-05 14:18:44,267: log_options() 'favorites_folder = /home/jay/Pictures/Wallpapers'
INFO: 2026-06-05 14:18:44,267: log_options() 'favorites_operations = [['Downloaded', 'Copy'], ['Fetched', 'Move'], ['Others', 'Copy']]'
INFO: 2026-06-05 14:18:44,267: log_options() 'fetched_folder = /home/jay/.config/variety/Fetched'
INFO: 2026-06-05 14:18:44,267: log_options() 'filters = [[False, 'Keep original', ''], [False, 'Grayscale', '-type Grayscale'], [False, 'Heavy blur', '-scale 20% -blur 0x10 -resize 500%'], [False, 'Soft blur', '-scale 20% -blur 0x2 -resize 500%'], [False, 'Oil painting', '-paint 8'], [False, 'Pointilism', '-spread 10 -noise 3'], [False, 'Pixellate', '-scale 3% -scale 3333%']]'
INFO: 2026-06-05 14:18:44,267: log_options() 'get_wallpaper_script = /home/jay/.config/variety/scripts/get_wallpaper'
INFO: 2026-06-05 14:18:44,267: log_options() 'icon = Light'
INFO: 2026-06-05 14:18:44,267: log_options() 'internet_enabled = True'
INFO: 2026-06-05 14:18:44,267: log_options() 'lightness_enabled = False'
INFO: 2026-06-05 14:18:44,267: log_options() 'lightness_mode = 0'
INFO: 2026-06-05 14:18:44,267: log_options() 'min_rating = 4'
INFO: 2026-06-05 14:18:44,267: log_options() 'min_rating_enabled = False'
INFO: 2026-06-05 14:18:44,267: log_options() 'min_size = 80'
INFO: 2026-06-05 14:18:44,267: log_options() 'min_size_enabled = False'
INFO: 2026-06-05 14:18:44,267: log_options() 'name_regex = .*'
INFO: 2026-06-05 14:18:44,267: log_options() 'name_regex_enabled = False'
INFO: 2026-06-05 14:18:44,267: log_options() 'quota_enabled = True'
INFO: 2026-06-05 14:18:44,267: log_options() 'quota_size = 1000'
INFO: 2026-06-05 14:18:44,268: log_options() 'quotes_authors = '
INFO: 2026-06-05 14:18:44,268: log_options() 'quotes_bg_color = [80, 80, 80]'
INFO: 2026-06-05 14:18:44,268: log_options() 'quotes_bg_opacity = 55'
INFO: 2026-06-05 14:18:44,268: log_options() 'quotes_change_enabled = False'
INFO: 2026-06-05 14:18:44,268: log_options() 'quotes_change_interval = 300'
INFO: 2026-06-05 14:18:44,268: log_options() 'quotes_disabled_sources = ['Goodreads', 'Local text files', 'TheQuotationsPage.com', 'UNIX fortune program', 'Urban Dictionary']'
INFO: 2026-06-05 14:18:44,268: log_options() 'quotes_enabled = False'
INFO: 2026-06-05 14:18:44,268: log_options() 'quotes_favorites_file = /home/jay/.config/variety/favorite_quotes.txt'
INFO: 2026-06-05 14:18:44,268: log_options() 'quotes_font = Serif 30'
INFO: 2026-06-05 14:18:44,268: log_options() 'quotes_hpos = 100'
INFO: 2026-06-05 14:18:44,268: log_options() 'quotes_max_length = 250'
INFO: 2026-06-05 14:18:44,268: log_options() 'quotes_tags = '
INFO: 2026-06-05 14:18:44,268: log_options() 'quotes_text_color = [255, 255, 255]'
INFO: 2026-06-05 14:18:44,268: log_options() 'quotes_text_shadow = False'
INFO: 2026-06-05 14:18:44,268: log_options() 'quotes_vpos = 0'
INFO: 2026-06-05 14:18:44,268: log_options() 'quotes_width = 70'
INFO: 2026-06-05 14:18:44,268: log_options() 'safe_mode = False'
INFO: 2026-06-05 14:18:44,268: log_options() 'set_lock_screen_script = /home/jay/.config/variety/scripts/set_lock_screen'
INFO: 2026-06-05 14:18:44,268: log_options() 'set_wallpaper_script = /home/jay/.config/variety/scripts/set_wallpaper'
INFO: 2026-06-05 14:18:44,268: log_options() 'slideshow_custom_enabled = False'
INFO: 2026-06-05 14:18:44,268: log_options() 'slideshow_custom_folder = /home/jay/Pictures'
INFO: 2026-06-05 14:18:44,268: log_options() 'slideshow_downloads_enabled = False'
INFO: 2026-06-05 14:18:44,268: log_options() 'slideshow_fade = 0.4'
INFO: 2026-06-05 14:18:44,268: log_options() 'slideshow_favorites_enabled = True'
INFO: 2026-06-05 14:18:44,268: log_options() 'slideshow_mode = Fullscreen'
INFO: 2026-06-05 14:18:44,268: log_options() 'slideshow_monitor = All'
INFO: 2026-06-05 14:18:44,268: log_options() 'slideshow_pan = 0.05'
INFO: 2026-06-05 14:18:44,268: log_options() 'slideshow_seconds = 6.0'
INFO: 2026-06-05 14:18:44,268: log_options() 'slideshow_sort_order = Random'
INFO: 2026-06-05 14:18:44,268: log_options() 'slideshow_sources_enabled = True'
INFO: 2026-06-05 14:18:44,268: log_options() 'slideshow_zoom = 0.2'
INFO: 2026-06-05 14:18:44,268: log_options() 'smart_enabled = False'
INFO: 2026-06-05 14:18:44,268: log_options() 'smart_notice_shown = False'
INFO: 2026-06-05 14:18:44,268: log_options() 'smart_register_shown = False'
INFO: 2026-06-05 14:18:44,268: log_options() 'sources = [[False, 'favorites', 'The Favorites folder'], [False, 'fetched', 'The Fetched folder'], [False, 'folder', '/usr/share/backgrounds'], [False, 'apod', "NASA's Astronomy Picture of the Day"], [False, 'bing', 'Bing Photo of the Day'], [False, 'earthview', 'Google Earth View Wallpapers'], [False, 'unsplash', 'High-resolution photos from Unsplash.com'], [False, 'artstation', 'https://www.artstation.com/khyzylsaleem.rss'], [True, 'wallhaven', 'https://wallhaven.cc/toplist'], [False, 'folder', '/home/jay/tmptasks/experiment/new/wallpapers_test'], [True, 'reddit', 'https://www.reddit.com/r/wallpapers/hot/'], [True, 'reddit', 'https://www.reddit.com/r/pixelart'], [False, 'reddit', 'https://www.reddit.com/r/carphotography/'], [True, 'reddit', 'https://www.reddit.com/r/wallpaper/'], [False, 'reddit', 'https://www.reddit.com/r/TVWallpapersSFW/'], [False, 'flickr', 'user:www.flickr.com/photos/peter-levi/;user_id:93647178@N00;'], [False, 'natgeo', "National Geographic's photo of the day"], [False, 'reddit_multi', 'Top wallpapers from multiple Reddit communities']]'
INFO: 2026-06-05 14:18:44,268: log_options() 'stats_enabled = True'
INFO: 2026-06-05 14:18:44,268: log_options() 'stats_notice_shown = False'
INFO: 2026-06-05 14:18:44,268: log_options() 'sync_enabled = True'
INFO: 2026-06-05 14:18:44,268: log_options() 'use_landscape_enabled = False'
INFO: 2026-06-05 14:18:44,268: log_options() 'wallhaven_api_key = '
INFO: 2026-06-05 14:18:44,268: log_options() 'wallpaper_auto_rotate = False'
INFO: 2026-06-05 14:18:44,268: log_options() 'wallpaper_display_mode = smart'
INFO: 2026-06-05 14:18:44,268: reload_config() 'No need to clear prepared queue'
INFO: 2026-06-05 14:18:44,268: update_indicator() 'Setting file info to: /home/jay/.config/variety/Downloaded/wallhaven_wallhaven_cc_toplist/wallhaven-qrlg1r.jpg'
INFO: 2026-06-05 14:18:44,270: list_files() 'More than 1 files in the folders, stop listing'
INFO: 2026-06-05 14:18:44,271: prepare_thread() 'Prepared buffer contains 14 images'
INFO: 2026-06-05 14:18:44,371: do_set_wp() 'Calling do_set_wp with /home/jay/.config/variety/Downloaded/wallhaven_wallhaven_cc_toplist/wallhaven-qrlg1r.jpg, time: 1780649324.371785'
INFO: 2026-06-05 14:18:44,928: update_indicator() 'Setting file info to: /home/jay/.config/variety/Downloaded/wallhaven_wallhaven_cc_toplist/wallhaven-qrlg1r.jpg'
INFO: 2026-06-05 14:18:44,930: list_files() 'More than 1 files in the folders, stop listing'
INFO: 2026-06-05 14:18:46,271: trigger_download() 'Triggering download thread to check if download needed and possible'
ERROR: 2026-06-05 14:18:49,169: fill_queue() 'Failed to fetch from Reddit'
Traceback (most recent call last):
  File "/home/jay/.config/variety/plugins/CustomRedditDownloader.py", line 256, in fill_queue
    r.raise_for_status()
    ~~~~~~~~~~~~~~~~~~^^
  File "/usr/lib/python3.14/site-packages/requests/models.py", line 1167, in raise_for_status
    raise HTTPError(http_error_msg, response=self)
requests.exceptions.HTTPError: 403 Client Error: Blocked for url: https://www.reddit.com/r/wallpapers/hot/.json?limit=100
INFO: 2026-06-05 14:18:49,170: fill_queue() 'Queue populated with 0 images'
INFO: 2026-06-05 14:18:49,171: download_one() 'Reddit: Queue still empty after fill request'
INFO: 2026-06-05 14:18:50,172: get_throttling() 'Reddit: parsing serverside options'
INFO: 2026-06-05 14:18:50,172: get_throttling() 'Could not parse Reddit serverside options, using defaults None, None'
INFO: 2026-06-05 14:18:50,172: get_throttling() 'Reddit: parsing serverside options'
INFO: 2026-06-05 14:18:50,172: get_throttling() 'Could not parse Reddit serverside options, using defaults None, None'
INFO: 2026-06-05 14:18:50,172: download_one() 'Reddit: Downloading an image, config: https://www.reddit.com/r/wallpapers/hot/'
INFO: 2026-06-05 14:18:50,172: download_one() 'Reddit: Queue size: 0'
INFO: 2026-06-05 14:18:50,172: get_throttling() 'Reddit: parsing serverside options'
INFO: 2026-06-05 14:18:50,173: get_throttling() 'Could not parse Reddit serverside options, using defaults None, None'
INFO: 2026-06-05 14:18:50,173: download_one() 'Reddit: Filling queue'
INFO: 2026-06-05 14:18:50,173: fill_queue() 'Custom Reddit URL: https://www.reddit.com/r/wallpapers/hot/'
INFO: 2026-06-05 14:18:50,173: fill_queue() 'Fetching from: https://www.reddit.com/r/wallpapers/hot/.json?limit=100 (attempt 1)'
ERROR: 2026-06-05 14:18:52,606: fill_queue() 'Failed to fetch from Reddit'
Traceback (most recent call last):
  File "/home/jay/.config/variety/plugins/CustomRedditDownloader.py", line 256, in fill_queue
    r.raise_for_status()
    ~~~~~~~~~~~~~~~~~~^^
  File "/usr/lib/python3.14/site-packages/requests/models.py", line 1167, in raise_for_status
    raise HTTPError(http_error_msg, response=self)
requests.exceptions.HTTPError: 403 Client Error: Blocked for url: https://www.reddit.com/r/wallpapers/hot/.json?limit=100
INFO: 2026-06-05 14:18:52,607: fill_queue() 'Queue populated with 0 images'
INFO: 2026-06-05 14:18:52,608: download_one() 'Reddit: Queue still empty after fill request'
INFO: 2026-06-05 14:18:52,930: reload() 'Reloading preferences dialog'
INFO: 2026-06-05 14:18:53,609: get_throttling() 'Reddit: parsing serverside options'
INFO: 2026-06-05 14:18:53,609: get_throttling() 'Could not parse Reddit serverside options, using defaults None, None'
INFO: 2026-06-05 14:18:53,609: get_throttling() 'Reddit: parsing serverside options'
INFO: 2026-06-05 14:18:53,609: get_throttling() 'Could not parse Reddit serverside options, using defaults None, None'
INFO: 2026-06-05 14:18:53,609: download_one() 'Reddit: Downloading an image, config: https://www.reddit.com/r/wallpaper/'
INFO: 2026-06-05 14:18:53,609: download_one() 'Reddit: Queue size: 0'
INFO: 2026-06-05 14:18:53,610: get_throttling() 'Reddit: parsing serverside options'
INFO: 2026-06-05 14:18:53,610: get_throttling() 'Could not parse Reddit serverside options, using defaults None, None'
INFO: 2026-06-05 14:18:53,610: download_one() 'Reddit: Filling queue'
INFO: 2026-06-05 14:18:53,610: fill_queue() 'Custom Reddit URL: https://www.reddit.com/r/wallpaper/'
INFO: 2026-06-05 14:18:53,610: fill_queue() 'Fetching from: https://www.reddit.com/r/wallpaper/.json?limit=100 (attempt 1)'
ERROR: 2026-06-05 14:18:55,168: fill_queue() 'Failed to fetch from Reddit'
Traceback (most recent call last):
  File "/home/jay/.config/variety/plugins/CustomRedditDownloader.py", line 256, in fill_queue
    r.raise_for_status()
    ~~~~~~~~~~~~~~~~~~^^
  File "/usr/lib/python3.14/site-packages/requests/models.py", line 1167, in raise_for_status
    raise HTTPError(http_error_msg, response=self)
requests.exceptions.HTTPError: 403 Client Error: Blocked for url: https://www.reddit.com/r/wallpaper/.json?limit=100
INFO: 2026-06-05 14:18:55,170: fill_queue() 'Queue populated with 0 images'
INFO: 2026-06-05 14:18:55,171: download_one() 'Reddit: Queue still empty after fill request'
INFO: 2026-06-05 14:18:56,003: trigger_download() 'Triggering download thread to check if download needed and possible'
INFO: 2026-06-05 14:19:47,075: reload() 'Reloading preferences dialog'
INFO: 2026-06-05 14:19:49,794: trigger_download() 'Triggering download thread to check if download needed and possible'
INFO: 2026-06-05 14:19:49,795: get_throttling() 'Reddit: parsing serverside options'
INFO: 2026-06-05 14:19:49,795: get_throttling() 'Could not parse Reddit serverside options, using defaults None, None'
INFO: 2026-06-05 14:19:49,795: get_throttling() 'Reddit: parsing serverside options'
INFO: 2026-06-05 14:19:49,795: get_throttling() 'Could not parse Reddit serverside options, using defaults None, None'
INFO: 2026-06-05 14:19:49,795: download_one() 'Reddit: Downloading an image, config: https://www.reddit.com/r/pixelart'
INFO: 2026-06-05 14:19:49,795: download_one() 'Reddit: Queue size: 0'
INFO: 2026-06-05 14:19:49,795: get_throttling() 'Reddit: parsing serverside options'
INFO: 2026-06-05 14:19:49,795: get_throttling() 'Could not parse Reddit serverside options, using defaults None, None'
INFO: 2026-06-05 14:19:49,795: download_one() 'Reddit: Filling queue'
INFO: 2026-06-05 14:19:49,795: fill_queue() 'Custom Reddit URL: https://www.reddit.com/r/pixelart'
INFO: 2026-06-05 14:19:49,795: fill_queue() 'Fetching from: https://www.reddit.com/r/pixelart.json?limit=100 (attempt 1)'
INFO: 2026-06-05 14:19:49,893: apply() 'Applying preferences'
INFO: 2026-06-05 14:19:49,904: set_visible() 'Showing indicator icon'
INFO: 2026-06-05 14:19:49,904: log_options() 'Loaded options:'
INFO: 2026-06-05 14:19:49,904: log_options() 'change_enabled = True'
INFO: 2026-06-05 14:19:49,904: log_options() 'change_interval = 18000'
INFO: 2026-06-05 14:19:49,904: log_options() 'change_lock_screen = False'
INFO: 2026-06-05 14:19:49,905: log_options() 'change_on_start = True'
INFO: 2026-06-05 14:19:49,905: log_options() 'clipboard_enabled = False'
INFO: 2026-06-05 14:19:49,905: log_options() 'clipboard_hosts = ['wallhaven.cc', 'wallpapers.net', 'flickr.com', 'imgur.com', 'deviantart.com', 'interfacelift.com', 'vladstudio.com', 'imageshack.us', 'deviantart.net', 'imageshack.com']'
INFO: 2026-06-05 14:19:49,905: log_options() 'clipboard_use_whitelist = True'
INFO: 2026-06-05 14:19:49,905: log_options() 'clock_date_font = Serif 30'
INFO: 2026-06-05 14:19:49,905: log_options() 'clock_enabled = False'
INFO: 2026-06-05 14:19:49,905: log_options() 'clock_filter = -density 100 -font `fc-match -f '%{file[0]}' '%CLOCK_FONT_NAME'` -pointsize %CLOCK_FONT_SIZE -gravity SouthEast -fill '#00000044' -annotate 0x0+[%HOFFSET+58]+[%VOFFSET+108] '%H:%M' -fill white -annotate 0x0+[%HOFFSET+60]+[%VOFFSET+110] '%H:%M' -font `fc-match -f '%{file[0]}' '%DATE_FONT_NAME'` -pointsize %DATE_FONT_SIZE -fill '#00000044' -annotate 0x0+[%HOFFSET+58]+[%VOFFSET+58] '%A, %B %d' -fill white -annotate 0x0+[%HOFFSET+60]+[%VOFFSET+60] '%A, %B %d''
INFO: 2026-06-05 14:19:49,905: log_options() 'clock_font = Serif 70'
INFO: 2026-06-05 14:19:49,905: log_options() 'configfile = /home/jay/.config/variety/variety.conf'
INFO: 2026-06-05 14:19:49,905: log_options() 'copyto_enabled = False'
INFO: 2026-06-05 14:19:49,905: log_options() 'copyto_folder = Default'
INFO: 2026-06-05 14:19:49,905: log_options() 'desired_color = [160, 160, 160]'
INFO: 2026-06-05 14:19:49,905: log_options() 'desired_color_enabled = False'
INFO: 2026-06-05 14:19:49,905: log_options() 'download_folder = /home/jay/.config/variety/Downloaded'
INFO: 2026-06-05 14:19:49,905: log_options() 'download_preference_ratio = 0.9'
INFO: 2026-06-05 14:19:49,905: log_options() 'favorites_folder = /home/jay/Pictures/Wallpapers'
INFO: 2026-06-05 14:19:49,905: log_options() 'favorites_operations = [['Downloaded', 'Copy'], ['Fetched', 'Move'], ['Others', 'Copy']]'
INFO: 2026-06-05 14:19:49,905: log_options() 'fetched_folder = /home/jay/.config/variety/Fetched'
INFO: 2026-06-05 14:19:49,905: log_options() 'filters = [[False, 'Keep original', ''], [False, 'Grayscale', '-type Grayscale'], [False, 'Heavy blur', '-scale 20% -blur 0x10 -resize 500%'], [False, 'Soft blur', '-scale 20% -blur 0x2 -resize 500%'], [False, 'Oil painting', '-paint 8'], [False, 'Pointilism', '-spread 10 -noise 3'], [False, 'Pixellate', '-scale 3% -scale 3333%']]'
INFO: 2026-06-05 14:19:49,905: log_options() 'get_wallpaper_script = /home/jay/.config/variety/scripts/get_wallpaper'
INFO: 2026-06-05 14:19:49,905: log_options() 'icon = Light'
INFO: 2026-06-05 14:19:49,905: log_options() 'internet_enabled = True'
INFO: 2026-06-05 14:19:49,905: log_options() 'lightness_enabled = False'
INFO: 2026-06-05 14:19:49,905: log_options() 'lightness_mode = 0'
INFO: 2026-06-05 14:19:49,905: log_options() 'min_rating = 4'
INFO: 2026-06-05 14:19:49,905: log_options() 'min_rating_enabled = False'
INFO: 2026-06-05 14:19:49,905: log_options() 'min_size = 80'
INFO: 2026-06-05 14:19:49,905: log_options() 'min_size_enabled = False'
INFO: 2026-06-05 14:19:49,905: log_options() 'name_regex = .*'
INFO: 2026-06-05 14:19:49,905: log_options() 'name_regex_enabled = False'
INFO: 2026-06-05 14:19:49,905: log_options() 'quota_enabled = True'
INFO: 2026-06-05 14:19:49,905: log_options() 'quota_size = 1000'
INFO: 2026-06-05 14:19:49,905: log_options() 'quotes_authors = '
INFO: 2026-06-05 14:19:49,905: log_options() 'quotes_bg_color = [80, 80, 80]'
INFO: 2026-06-05 14:19:49,905: log_options() 'quotes_bg_opacity = 55'
INFO: 2026-06-05 14:19:49,905: log_options() 'quotes_change_enabled = False'
INFO: 2026-06-05 14:19:49,905: log_options() 'quotes_change_interval = 300'
INFO: 2026-06-05 14:19:49,905: log_options() 'quotes_disabled_sources = ['Goodreads', 'Local text files', 'TheQuotationsPage.com', 'UNIX fortune program', 'Urban Dictionary']'
INFO: 2026-06-05 14:19:49,905: log_options() 'quotes_enabled = False'
INFO: 2026-06-05 14:19:49,905: log_options() 'quotes_favorites_file = /home/jay/.config/variety/favorite_quotes.txt'
INFO: 2026-06-05 14:19:49,905: log_options() 'quotes_font = Serif 30'
INFO: 2026-06-05 14:19:49,905: log_options() 'quotes_hpos = 100'
INFO: 2026-06-05 14:19:49,906: log_options() 'quotes_max_length = 250'
INFO: 2026-06-05 14:19:49,906: log_options() 'quotes_tags = '
INFO: 2026-06-05 14:19:49,906: log_options() 'quotes_text_color = [255, 255, 255]'
INFO: 2026-06-05 14:19:49,906: log_options() 'quotes_text_shadow = False'
INFO: 2026-06-05 14:19:49,906: log_options() 'quotes_vpos = 0'
INFO: 2026-06-05 14:19:49,906: log_options() 'quotes_width = 70'
INFO: 2026-06-05 14:19:49,906: log_options() 'safe_mode = False'
INFO: 2026-06-05 14:19:49,906: log_options() 'set_lock_screen_script = /home/jay/.config/variety/scripts/set_lock_screen'
INFO: 2026-06-05 14:19:49,906: log_options() 'set_wallpaper_script = /home/jay/.config/variety/scripts/set_wallpaper'
INFO: 2026-06-05 14:19:49,906: log_options() 'slideshow_custom_enabled = False'
INFO: 2026-06-05 14:19:49,906: log_options() 'slideshow_custom_folder = /home/jay/Pictures'
INFO: 2026-06-05 14:19:49,906: log_options() 'slideshow_downloads_enabled = False'
INFO: 2026-06-05 14:19:49,906: log_options() 'slideshow_fade = 0.4'
INFO: 2026-06-05 14:19:49,906: log_options() 'slideshow_favorites_enabled = True'
INFO: 2026-06-05 14:19:49,906: log_options() 'slideshow_mode = Fullscreen'
INFO: 2026-06-05 14:19:49,904: set_from_theme_icon() 'Showing indicator icon variety-indicator from GTK theme'
INFO: 2026-06-05 14:19:49,906: log_options() 'slideshow_monitor = All'
INFO: 2026-06-05 14:19:49,906: log_options() 'slideshow_pan = 0.05'
INFO: 2026-06-05 14:19:49,906: log_options() 'slideshow_seconds = 6.0'
INFO: 2026-06-05 14:19:49,906: log_options() 'slideshow_sort_order = Random'
INFO: 2026-06-05 14:19:49,906: log_options() 'slideshow_sources_enabled = True'
INFO: 2026-06-05 14:19:49,906: log_options() 'slideshow_zoom = 0.2'
INFO: 2026-06-05 14:19:49,906: log_options() 'smart_enabled = False'
INFO: 2026-06-05 14:19:49,906: log_options() 'smart_notice_shown = False'
INFO: 2026-06-05 14:19:49,906: log_options() 'smart_register_shown = False'
INFO: 2026-06-05 14:19:49,906: log_options() 'sources = [[False, 'favorites', 'The Favorites folder'], [False, 'fetched', 'The Fetched folder'], [False, 'folder', '/usr/share/backgrounds'], [False, 'apod', "NASA's Astronomy Picture of the Day"], [False, 'bing', 'Bing Photo of the Day'], [False, 'earthview', 'Google Earth View Wallpapers'], [False, 'unsplash', 'High-resolution photos from Unsplash.com'], [False, 'artstation', 'https://www.artstation.com/khyzylsaleem.rss'], [True, 'wallhaven', 'https://wallhaven.cc/toplist'], [False, 'folder', '/home/jay/tmptasks/experiment/new/wallpapers_test'], [True, 'reddit', 'https://www.reddit.com/r/wallpapers/hot/'], [True, 'reddit', 'https://www.reddit.com/r/pixelart'], [False, 'reddit', 'https://www.reddit.com/r/carphotography/'], [True, 'reddit', 'https://www.reddit.com/r/wallpaper/'], [False, 'reddit', 'https://www.reddit.com/r/TVWallpapersSFW/'], [False, 'flickr', 'user:www.flickr.com/photos/peter-levi/;user_id:93647178@N00;'], [False, 'natgeo', "National Geographic's photo of the day"], [False, 'reddit_multi', 'Top wallpapers from multiple Reddit communities']]'
INFO: 2026-06-05 14:19:49,906: log_options() 'stats_enabled = True'
INFO: 2026-06-05 14:19:49,907: log_options() 'stats_notice_shown = False'
INFO: 2026-06-05 14:19:49,907: log_options() 'sync_enabled = True'
INFO: 2026-06-05 14:19:49,907: log_options() 'use_landscape_enabled = False'
INFO: 2026-06-05 14:19:49,907: log_options() 'wallhaven_api_key = '
INFO: 2026-06-05 14:19:49,907: log_options() 'wallpaper_auto_rotate = False'
INFO: 2026-06-05 14:19:49,907: log_options() 'wallpaper_display_mode = smart'
INFO: 2026-06-05 14:19:49,907: reload_config() 'No need to clear prepared queue'
INFO: 2026-06-05 14:19:49,907: update_indicator() 'Setting file info to: /home/jay/.config/variety/Downloaded/wallhaven_wallhaven_cc_toplist/wallhaven-qrlg1r.jpg'
INFO: 2026-06-05 14:19:49,909: list_files() 'More than 1 files in the folders, stop listing'
INFO: 2026-06-05 14:19:49,910: prepare_thread() 'Prepared buffer contains 14 images'
INFO: 2026-06-05 14:19:50,010: do_set_wp() 'Calling do_set_wp with /home/jay/.config/variety/Downloaded/wallhaven_wallhaven_cc_toplist/wallhaven-qrlg1r.jpg, time: 1780649390.010368'
INFO: 2026-06-05 14:19:50,600: update_indicator() 'Setting file info to: /home/jay/.config/variety/Downloaded/wallhaven_wallhaven_cc_toplist/wallhaven-qrlg1r.jpg'
INFO: 2026-06-05 14:19:50,602: list_files() 'More than 1 files in the folders, stop listing'
ERROR: 2026-06-05 14:19:50,853: fill_queue() 'Failed to fetch from Reddit'
Traceback (most recent call last):
  File "/home/jay/.config/variety/plugins/CustomRedditDownloader.py", line 256, in fill_queue
    r.raise_for_status()
    ~~~~~~~~~~~~~~~~~~^^
  File "/usr/lib/python3.14/site-packages/requests/models.py", line 1167, in raise_for_status
    raise HTTPError(http_error_msg, response=self)
requests.exceptions.HTTPError: 403 Client Error: Blocked for url: https://www.reddit.com/r/pixelart.json?limit=100
INFO: 2026-06-05 14:19:50,854: fill_queue() 'Queue populated with 0 images'
INFO: 2026-06-05 14:19:50,856: download_one() 'Reddit: Queue still empty after fill request'
INFO: 2026-06-05 14:19:51,911: trigger_download() 'Triggering download thread to check if download needed and possible'
INFO: 2026-06-05 14:19:53,026: process_command() 'Received command: ['--next']'
INFO: 2026-06-05 14:19:53,031: set_wallpaper() 'Calling set_wallpaper with /home/jay/.config/variety/Downloaded/wallhaven_wallhaven_cc_toplist/wallhaven-d8w3gj.jpg'
INFO: 2026-06-05 14:19:53,031: prepare_thread() 'Prepared buffer contains 14 images'
INFO: 2026-06-05 14:19:53,033: do_set_wp() 'Calling do_set_wp with /home/jay/.config/variety/Downloaded/wallhaven_wallhaven_cc_toplist/wallhaven-d8w3gj.jpg, time: 1780649393.0332577'
INFO: 2026-06-05 14:19:53,116: update_indicator() 'Setting file info to: /home/jay/.config/variety/Downloaded/wallhaven_wallhaven_cc_toplist/wallhaven-d8w3gj.jpg'
INFO: 2026-06-05 14:19:53,118: list_files() 'More than 1 files in the folders, stop listing'
INFO: 2026-06-05 14:19:55,032: trigger_download() 'Triggering download thread to check if download needed and possible'
INFO: 2026-06-05 14:19:55,033: trigger_download() 'Triggering download thread to check if download needed and possible'
INFO: 2026-06-05 14:19:55,033: get_throttling() 'Reddit: parsing serverside options'
INFO: 2026-06-05 14:19:55,034: get_throttling() 'Could not parse Reddit serverside options, using defaults None, None'
INFO: 2026-06-05 14:19:55,034: get_throttling() 'Reddit: parsing serverside options'
INFO: 2026-06-05 14:19:55,034: get_throttling() 'Could not parse Reddit serverside options, using defaults None, None'
INFO: 2026-06-05 14:19:55,034: download_one() 'Reddit: Downloading an image, config: https://www.reddit.com/r/wallpapers/hot/'
INFO: 2026-06-05 14:19:55,034: download_one() 'Reddit: Queue size: 0'
INFO: 2026-06-05 14:19:55,034: get_throttling() 'Reddit: parsing serverside options'
INFO: 2026-06-05 14:19:55,034: get_throttling() 'Could not parse Reddit serverside options, using defaults None, None'
INFO: 2026-06-05 14:19:55,034: download_one() 'Reddit: Filling queue'
INFO: 2026-06-05 14:19:55,034: fill_queue() 'Custom Reddit URL: https://www.reddit.com/r/wallpapers/hot/'
INFO: 2026-06-05 14:19:55,034: fill_queue() 'Fetching from: https://www.reddit.com/r/wallpapers/hot/.json?limit=100 (attempt 1)'
ERROR: 2026-06-05 14:19:56,066: fill_queue() 'Failed to fetch from Reddit'
Traceback (most recent call last):
  File "/home/jay/.config/variety/plugins/CustomRedditDownloader.py", line 256, in fill_queue
    r.raise_for_status()
    ~~~~~~~~~~~~~~~~~~^^
  File "/usr/lib/python3.14/site-packages/requests/models.py", line 1167, in raise_for_status
    raise HTTPError(http_error_msg, response=self)
requests.exceptions.HTTPError: 403 Client Error: Blocked for url: https://www.reddit.com/r/wallpapers/hot/.json?limit=100
INFO: 2026-06-05 14:19:56,067: fill_queue() 'Queue populated with 0 images'
INFO: 2026-06-05 14:19:56,068: download_one() 'Reddit: Queue still empty after fill request'
INFO: 2026-06-05 14:19:57,069: get_throttling() 'Reddit: parsing serverside options'
INFO: 2026-06-05 14:19:57,069: get_throttling() 'Could not parse Reddit serverside options, using defaults None, None'
INFO: 2026-06-05 14:19:57,069: get_throttling() 'Reddit: parsing serverside options'
INFO: 2026-06-05 14:19:57,070: get_throttling() 'Could not parse Reddit serverside options, using defaults None, None'
INFO: 2026-06-05 14:19:57,070: download_one() 'Reddit: Downloading an image, config: https://www.reddit.com/r/wallpaper/'
INFO: 2026-06-05 14:19:57,070: download_one() 'Reddit: Queue size: 0'
INFO: 2026-06-05 14:19:57,070: get_throttling() 'Reddit: parsing serverside options'
INFO: 2026-06-05 14:19:57,070: get_throttling() 'Could not parse Reddit serverside options, using defaults None, None'
INFO: 2026-06-05 14:19:57,070: download_one() 'Reddit: Filling queue'
INFO: 2026-06-05 14:19:57,070: fill_queue() 'Custom Reddit URL: https://www.reddit.com/r/wallpaper/'
INFO: 2026-06-05 14:19:57,070: fill_queue() 'Fetching from: https://www.reddit.com/r/wallpaper/.json?limit=100 (attempt 1)'
ERROR: 2026-06-05 14:19:58,156: fill_queue() 'Failed to fetch from Reddit'
Traceback (most recent call last):
  File "/home/jay/.config/variety/plugins/CustomRedditDownloader.py", line 256, in fill_queue
    r.raise_for_status()
    ~~~~~~~~~~~~~~~~~~^^
  File "/usr/lib/python3.14/site-packages/requests/models.py", line 1167, in raise_for_status
    raise HTTPError(http_error_msg, response=self)
requests.exceptions.HTTPError: 403 Client Error: Blocked for url: https://www.reddit.com/r/wallpaper/.json?limit=100
INFO: 2026-06-05 14:19:58,157: fill_queue() 'Queue populated with 0 images'
INFO: 2026-06-05 14:19:58,159: download_one() 'Reddit: Queue still empty after fill request'
INFO: 2026-06-05 14:19:59,159: get_throttling() 'Wallhaven.cc: parsing serverside options'
INFO: 2026-06-05 14:19:59,159: get_throttling() 'Wallhaven.cc serverside options: {'min_fill_queue_interval': 1800, 'min_download_interval': 1800}'
INFO: 2026-06-05 14:19:59,160: get_throttling() 'Wallhaven.cc: parsing serverside options'
INFO: 2026-06-05 14:19:59,160: get_throttling() 'Wallhaven.cc serverside options: {'min_fill_queue_interval': 1800, 'min_download_interval': 1800}'
INFO: 2026-06-05 14:19:59,160: download_one() 'Wallhaven.cc: Downloading an image, config: https://wallhaven.cc/toplist'
INFO: 2026-06-05 14:19:59,160: download_one() 'Wallhaven.cc: Queue size: 10'
INFO: 2026-06-05 14:19:59,160: download_one() 'Wallhaven.cc: Queue populated with 10 URLs'
INFO: 2026-06-05 14:19:59,160: download_queue_item() 'Wallpaper URL: https://wallhaven.cc/w/6lwmz6'
INFO: 2026-06-05 14:20:01,409: reload() 'Reloading preferences dialog'
INFO: 2026-06-05 14:20:01,669: download_queue_item() 'Image src URL: https://w.wallhaven.cc/full/6l/wallhaven-6lwmz6.jpg'
INFO: 2026-06-05 14:20:01,670: save_locally() 'Origin URL: https://wallhaven.cc/w/6lwmz6'
INFO: 2026-06-05 14:20:01,670: save_locally() 'Image URL: https://w.wallhaven.cc/full/6l/wallhaven-6lwmz6.jpg'
INFO: 2026-06-05 14:20:01,670: save_locally() 'Local path: /home/jay/.config/variety/Downloaded/wallhaven_wallhaven_cc_toplist/wallhaven-6lwmz6.jpg'
INFO: 2026-06-05 14:20:05,823: save_locally() 'Download complete'
INFO: 2026-06-05 14:20:05,825: update_indicator() 'Setting file info to: /home/jay/.config/variety/Downloaded/wallhaven_wallhaven_cc_toplist/wallhaven-d8w3gj.jpg'
INFO: 2026-06-05 14:20:05,828: list_files() 'More than 1 files in the folders, stop listing'
INFO: 2026-06-05 14:20:05,828: download_one_from() 'Adding downloaded file /home/jay/.config/variety/Downloaded/wallhaven_wallhaven_cc_toplist/wallhaven-6lwmz6.jpg to unseen_downloads'
INFO: 2026-06-05 14:20:09,345: process_command() 'Received command: ['--next']'
INFO: 2026-06-05 14:20:09,349: set_wallpaper() 'Calling set_wallpaper with /home/jay/.config/variety/Downloaded/wallhaven_wallhaven_cc_toplist/wallhaven-ly2ddy.jpg'
INFO: 2026-06-05 14:20:09,349: prepare_thread() 'Prepared buffer contains 14 images'
INFO: 2026-06-05 14:20:09,351: do_set_wp() 'Calling do_set_wp with /home/jay/.config/variety/Downloaded/wallhaven_wallhaven_cc_toplist/wallhaven-ly2ddy.jpg, time: 1780649409.3510883'
INFO: 2026-06-05 14:20:09,486: update_indicator() 'Setting file info to: /home/jay/.config/variety/Downloaded/wallhaven_wallhaven_cc_toplist/wallhaven-ly2ddy.jpg'
INFO: 2026-06-05 14:20:09,488: list_files() 'More than 1 files in the folders, stop listing'
INFO: 2026-06-05 14:20:11,350: trigger_download() 'Triggering download thread to check if download needed and possible'
INFO: 2026-06-05 14:20:11,351: trigger_download() 'Triggering download thread to check if download needed and possible'
INFO: 2026-06-05 14:20:11,351: get_throttling() 'Wallhaven.cc: parsing serverside options'
INFO: 2026-06-05 14:20:11,351: get_throttling() 'Wallhaven.cc serverside options: {'min_fill_queue_interval': 1800, 'min_download_interval': 1800}'
INFO: 2026-06-05 14:20:11,352: get_throttling() 'Wallhaven.cc: parsing serverside options'
INFO: 2026-06-05 14:20:11,352: get_throttling() 'Wallhaven.cc serverside options: {'min_fill_queue_interval': 1800, 'min_download_interval': 1800}'
INFO: 2026-06-05 14:20:11,352: download_one() 'Wallhaven.cc: Downloading an image, config: https://wallhaven.cc/toplist'
INFO: 2026-06-05 14:20:11,352: download_one() 'Wallhaven.cc: Queue size: 9'
INFO: 2026-06-05 14:20:11,352: download_one() 'Wallhaven.cc: Queue populated with 9 URLs'
INFO: 2026-06-05 14:20:11,352: download_queue_item() 'Wallpaper URL: https://wallhaven.cc/w/8gr9my'
INFO: 2026-06-05 14:20:12,066: download_queue_item() 'Image src URL: https://w.wallhaven.cc/full/8g/wallhaven-8gr9my.png'
INFO: 2026-06-05 14:20:12,068: save_locally() 'Origin URL: https://wallhaven.cc/w/8gr9my'
INFO: 2026-06-05 14:20:12,068: save_locally() 'Image URL: https://w.wallhaven.cc/full/8g/wallhaven-8gr9my.png'
INFO: 2026-06-05 14:20:12,068: save_locally() 'Local path: /home/jay/.config/variety/Downloaded/wallhaven_wallhaven_cc_toplist/wallhaven-8gr9my.png'
INFO: 2026-06-05 14:20:14,769: save_locally() 'Download complete'
INFO: 2026-06-05 14:20:14,770: update_indicator() 'Setting file info to: /home/jay/.config/variety/Downloaded/wallhaven_wallhaven_cc_toplist/wallhaven-ly2ddy.jpg'
INFO: 2026-06-05 14:20:14,772: list_files() 'More than 1 files in the folders, stop listing'
INFO: 2026-06-05 14:20:14,772: download_one_from() 'Adding downloaded file /home/jay/.config/variety/Downloaded/wallhaven_wallhaven_cc_toplist/wallhaven-8gr9my.png to unseen_downloads'
INFO: 2026-06-05 14:20:17,339: trigger_download() 'Triggering download thread to check if download needed and possible'
INFO: 2026-06-05 14:20:17,439: apply() 'Applying preferences'
INFO: 2026-06-05 14:20:17,452: set_visible() 'Showing indicator icon'
INFO: 2026-06-05 14:20:17,453: set_from_theme_icon() 'Showing indicator icon variety-indicator from GTK theme'
INFO: 2026-06-05 14:20:17,453: log_options() 'Loaded options:'
INFO: 2026-06-05 14:20:17,454: log_options() 'change_enabled = True'
INFO: 2026-06-05 14:20:17,454: log_options() 'change_interval = 18000'
INFO: 2026-06-05 14:20:17,454: log_options() 'change_lock_screen = False'
INFO: 2026-06-05 14:20:17,454: log_options() 'change_on_start = True'
INFO: 2026-06-05 14:20:17,454: log_options() 'clipboard_enabled = False'
INFO: 2026-06-05 14:20:17,454: log_options() 'clipboard_hosts = ['wallhaven.cc', 'wallpapers.net', 'flickr.com', 'imgur.com', 'deviantart.com', 'interfacelift.com', 'vladstudio.com', 'imageshack.us', 'deviantart.net', 'imageshack.com']'
INFO: 2026-06-05 14:20:17,454: log_options() 'clipboard_use_whitelist = True'
INFO: 2026-06-05 14:20:17,454: log_options() 'clock_date_font = Serif 30'
INFO: 2026-06-05 14:20:17,454: log_options() 'clock_enabled = False'
INFO: 2026-06-05 14:20:17,454: log_options() 'clock_filter = -density 100 -font `fc-match -f '%{file[0]}' '%CLOCK_FONT_NAME'` -pointsize %CLOCK_FONT_SIZE -gravity SouthEast -fill '#00000044' -annotate 0x0+[%HOFFSET+58]+[%VOFFSET+108] '%H:%M' -fill white -annotate 0x0+[%HOFFSET+60]+[%VOFFSET+110] '%H:%M' -font `fc-match -f '%{file[0]}' '%DATE_FONT_NAME'` -pointsize %DATE_FONT_SIZE -fill '#00000044' -annotate 0x0+[%HOFFSET+58]+[%VOFFSET+58] '%A, %B %d' -fill white -annotate 0x0+[%HOFFSET+60]+[%VOFFSET+60] '%A, %B %d''
INFO: 2026-06-05 14:20:17,454: log_options() 'clock_font = Serif 70'
INFO: 2026-06-05 14:20:17,454: log_options() 'configfile = /home/jay/.config/variety/variety.conf'
INFO: 2026-06-05 14:20:17,455: log_options() 'copyto_enabled = False'
INFO: 2026-06-05 14:20:17,455: log_options() 'copyto_folder = Default'
INFO: 2026-06-05 14:20:17,455: log_options() 'desired_color = [160, 160, 160]'
INFO: 2026-06-05 14:20:17,455: log_options() 'desired_color_enabled = False'
INFO: 2026-06-05 14:20:17,455: log_options() 'download_folder = /home/jay/.config/variety/Downloaded'
INFO: 2026-06-05 14:20:17,455: log_options() 'download_preference_ratio = 0.9'
INFO: 2026-06-05 14:20:17,455: log_options() 'favorites_folder = /home/jay/Pictures/Wallpapers'
INFO: 2026-06-05 14:20:17,455: log_options() 'favorites_operations = [['Downloaded', 'Copy'], ['Fetched', 'Move'], ['Others', 'Copy']]'
INFO: 2026-06-05 14:20:17,455: log_options() 'fetched_folder = /home/jay/.config/variety/Fetched'
INFO: 2026-06-05 14:20:17,455: log_options() 'filters = [[False, 'Keep original', ''], [False, 'Grayscale', '-type Grayscale'], [False, 'Heavy blur', '-scale 20% -blur 0x10 -resize 500%'], [False, 'Soft blur', '-scale 20% -blur 0x2 -resize 500%'], [False, 'Oil painting', '-paint 8'], [False, 'Pointilism', '-spread 10 -noise 3'], [False, 'Pixellate', '-scale 3% -scale 3333%']]'
INFO: 2026-06-05 14:20:17,455: log_options() 'get_wallpaper_script = /home/jay/.config/variety/scripts/get_wallpaper'
INFO: 2026-06-05 14:20:17,455: log_options() 'icon = Light'
INFO: 2026-06-05 14:20:17,455: log_options() 'internet_enabled = True'
INFO: 2026-06-05 14:20:17,455: log_options() 'lightness_enabled = False'
INFO: 2026-06-05 14:20:17,455: log_options() 'lightness_mode = 0'
INFO: 2026-06-05 14:20:17,455: log_options() 'min_rating = 4'
INFO: 2026-06-05 14:20:17,455: log_options() 'min_rating_enabled = False'
INFO: 2026-06-05 14:20:17,455: log_options() 'min_size = 80'
INFO: 2026-06-05 14:20:17,455: log_options() 'min_size_enabled = False'
INFO: 2026-06-05 14:20:17,455: log_options() 'name_regex = .*'
INFO: 2026-06-05 14:20:17,455: log_options() 'name_regex_enabled = False'
INFO: 2026-06-05 14:20:17,455: log_options() 'quota_enabled = True'
INFO: 2026-06-05 14:20:17,455: log_options() 'quota_size = 1000'
INFO: 2026-06-05 14:20:17,455: log_options() 'quotes_authors = '
INFO: 2026-06-05 14:20:17,455: log_options() 'quotes_bg_color = [80, 80, 80]'
INFO: 2026-06-05 14:20:17,455: log_options() 'quotes_bg_opacity = 55'
INFO: 2026-06-05 14:20:17,455: log_options() 'quotes_change_enabled = False'
INFO: 2026-06-05 14:20:17,455: log_options() 'quotes_change_interval = 300'
INFO: 2026-06-05 14:20:17,455: log_options() 'quotes_disabled_sources = ['Goodreads', 'Local text files', 'TheQuotationsPage.com', 'UNIX fortune program', 'Urban Dictionary']'
INFO: 2026-06-05 14:20:17,455: log_options() 'quotes_enabled = False'
INFO: 2026-06-05 14:20:17,455: log_options() 'quotes_favorites_file = /home/jay/.config/variety/favorite_quotes.txt'
INFO: 2026-06-05 14:20:17,455: log_options() 'quotes_font = Serif 30'
INFO: 2026-06-05 14:20:17,455: log_options() 'quotes_hpos = 100'
INFO: 2026-06-05 14:20:17,455: log_options() 'quotes_max_length = 250'
INFO: 2026-06-05 14:20:17,455: log_options() 'quotes_tags = '
INFO: 2026-06-05 14:20:17,455: log_options() 'quotes_text_color = [255, 255, 255]'
INFO: 2026-06-05 14:20:17,455: log_options() 'quotes_text_shadow = False'
INFO: 2026-06-05 14:20:17,455: log_options() 'quotes_vpos = 0'
INFO: 2026-06-05 14:20:17,455: log_options() 'quotes_width = 70'
INFO: 2026-06-05 14:20:17,455: log_options() 'safe_mode = False'
INFO: 2026-06-05 14:20:17,455: log_options() 'set_lock_screen_script = /home/jay/.config/variety/scripts/set_lock_screen'
INFO: 2026-06-05 14:20:17,455: log_options() 'set_wallpaper_script = /home/jay/.config/variety/scripts/set_wallpaper'
INFO: 2026-06-05 14:20:17,455: log_options() 'slideshow_custom_enabled = False'
INFO: 2026-06-05 14:20:17,456: log_options() 'slideshow_custom_folder = /home/jay/Pictures'
INFO: 2026-06-05 14:20:17,456: log_options() 'slideshow_downloads_enabled = False'
INFO: 2026-06-05 14:20:17,456: log_options() 'slideshow_fade = 0.4'
INFO: 2026-06-05 14:20:17,456: log_options() 'slideshow_favorites_enabled = True'
INFO: 2026-06-05 14:20:17,456: log_options() 'slideshow_mode = Fullscreen'
INFO: 2026-06-05 14:20:17,456: log_options() 'slideshow_monitor = All'
INFO: 2026-06-05 14:20:17,456: log_options() 'slideshow_pan = 0.05'
INFO: 2026-06-05 14:20:17,456: log_options() 'slideshow_seconds = 6.0'
INFO: 2026-06-05 14:20:17,456: log_options() 'slideshow_sort_order = Random'
INFO: 2026-06-05 14:20:17,456: log_options() 'slideshow_sources_enabled = True'
INFO: 2026-06-05 14:20:17,456: log_options() 'slideshow_zoom = 0.2'
INFO: 2026-06-05 14:20:17,456: log_options() 'smart_enabled = False'
INFO: 2026-06-05 14:20:17,456: log_options() 'smart_notice_shown = False'
INFO: 2026-06-05 14:20:17,456: log_options() 'smart_register_shown = False'
INFO: 2026-06-05 14:20:17,456: log_options() 'sources = [[False, 'favorites', 'The Favorites folder'], [False, 'fetched', 'The Fetched folder'], [False, 'folder', '/usr/share/backgrounds'], [False, 'apod', "NASA's Astronomy Picture of the Day"], [False, 'bing', 'Bing Photo of the Day'], [False, 'earthview', 'Google Earth View Wallpapers'], [False, 'unsplash', 'High-resolution photos from Unsplash.com'], [False, 'artstation', 'https://www.artstation.com/khyzylsaleem.rss'], [True, 'wallhaven', 'https://wallhaven.cc/toplist'], [False, 'folder', '/home/jay/tmptasks/experiment/new/wallpapers_test'], [True, 'reddit', 'https://www.reddit.com/r/wallpapers/hot/'], [True, 'reddit', 'https://www.reddit.com/r/pixelart'], [False, 'reddit', 'https://www.reddit.com/r/carphotography/'], [True, 'reddit', 'https://www.reddit.com/r/wallpaper/'], [False, 'reddit', 'https://www.reddit.com/r/TVWallpapersSFW/'], [False, 'flickr', 'user:www.flickr.com/photos/peter-levi/;user_id:93647178@N00;'], [False, 'natgeo', "National Geographic's photo of the day"], [False, 'reddit_multi', 'Top wallpapers from multiple Reddit communities']]'
INFO: 2026-06-05 14:20:17,456: log_options() 'stats_enabled = True'
INFO: 2026-06-05 14:20:17,456: log_options() 'stats_notice_shown = False'
INFO: 2026-06-05 14:20:17,456: log_options() 'sync_enabled = True'
INFO: 2026-06-05 14:20:17,456: log_options() 'use_landscape_enabled = False'
INFO: 2026-06-05 14:20:17,456: log_options() 'wallhaven_api_key = '
INFO: 2026-06-05 14:20:17,456: log_options() 'wallpaper_auto_rotate = False'
INFO: 2026-06-05 14:20:17,456: log_options() 'wallpaper_display_mode = smart'
INFO: 2026-06-05 14:20:17,456: reload_config() 'No need to clear prepared queue'
INFO: 2026-06-05 14:20:17,456: update_indicator() 'Setting file info to: /home/jay/.config/variety/Downloaded/wallhaven_wallhaven_cc_toplist/wallhaven-ly2ddy.jpg'
INFO: 2026-06-05 14:20:17,458: list_files() 'More than 1 files in the folders, stop listing'
INFO: 2026-06-05 14:20:17,460: prepare_thread() 'Prepared buffer contains 14 images'
INFO: 2026-06-05 14:20:17,560: do_set_wp() 'Calling do_set_wp with /home/jay/.config/variety/Downloaded/wallhaven_wallhaven_cc_toplist/wallhaven-ly2ddy.jpg, time: 1780649417.560306'
INFO: 2026-06-05 14:20:17,683: update_indicator() 'Setting file info to: /home/jay/.config/variety/Downloaded/wallhaven_wallhaven_cc_toplist/wallhaven-ly2ddy.jpg'
INFO: 2026-06-05 14:20:17,685: list_files() 'More than 1 files in the folders, stop listing'
INFO: 2026-06-05 14:20:19,461: trigger_download() 'Triggering download thread to check if download needed and possible'
INFO: 2026-06-05 14:20:24,843: process_command() 'Received command: ['--next']'
INFO: 2026-06-05 14:20:24,846: set_wallpaper() 'Calling set_wallpaper with /home/jay/.config/variety/Downloaded/wallhaven_wallhaven_cc_toplist/wallhaven-gw2587.jpg'
INFO: 2026-06-05 14:20:24,846: prepare_thread() 'Prepared buffer contains 14 images'
INFO: 2026-06-05 14:20:24,848: do_set_wp() 'Calling do_set_wp with /home/jay/.config/variety/Downloaded/wallhaven_wallhaven_cc_toplist/wallhaven-gw2587.jpg, time: 1780649424.8487618'
INFO: 2026-06-05 14:20:25,133: update_indicator() 'Setting file info to: /home/jay/.config/variety/Downloaded/wallhaven_wallhaven_cc_toplist/wallhaven-gw2587.jpg'
INFO: 2026-06-05 14:20:25,136: list_files() 'More than 1 files in the folders, stop listing'
INFO: 2026-06-05 14:20:26,848: trigger_download() 'Triggering download thread to check if download needed and possible'
INFO: 2026-06-05 14:20:26,848: trigger_download() 'Triggering download thread to check if download needed and possible'
INFO: 2026-06-05 14:20:26,849: get_throttling() 'Wallhaven.cc: parsing serverside options'
INFO: 2026-06-05 14:20:26,849: get_throttling() 'Wallhaven.cc serverside options: {'min_fill_queue_interval': 1800, 'min_download_interval': 1800}'
INFO: 2026-06-05 14:20:26,849: get_throttling() 'Wallhaven.cc: parsing serverside options'
INFO: 2026-06-05 14:20:26,849: get_throttling() 'Wallhaven.cc serverside options: {'min_fill_queue_interval': 1800, 'min_download_interval': 1800}'
INFO: 2026-06-05 14:20:26,849: download_one() 'Wallhaven.cc: Downloading an image, config: https://wallhaven.cc/toplist'
INFO: 2026-06-05 14:20:26,849: download_one() 'Wallhaven.cc: Queue size: 8'
INFO: 2026-06-05 14:20:26,849: download_one() 'Wallhaven.cc: Queue populated with 8 URLs'
INFO: 2026-06-05 14:20:26,849: download_queue_item() 'Wallpaper URL: https://wallhaven.cc/w/d8w39m'
INFO: 2026-06-05 14:20:27,464: download_queue_item() 'Image src URL: https://w.wallhaven.cc/full/d8/wallhaven-d8w39m.jpg'
INFO: 2026-06-05 14:20:27,465: save_locally() 'Origin URL: https://wallhaven.cc/w/d8w39m'
INFO: 2026-06-05 14:20:27,465: save_locally() 'Image URL: https://w.wallhaven.cc/full/d8/wallhaven-d8w39m.jpg'
INFO: 2026-06-05 14:20:27,465: save_locally() 'Local path: /home/jay/.config/variety/Downloaded/wallhaven_wallhaven_cc_toplist/wallhaven-d8w39m.jpg'
INFO: 2026-06-05 14:20:29,038: save_locally() 'Download complete'
INFO: 2026-06-05 14:20:29,040: update_indicator() 'Setting file info to: /home/jay/.config/variety/Downloaded/wallhaven_wallhaven_cc_toplist/wallhaven-gw2587.jpg'
INFO: 2026-06-05 14:20:29,042: list_files() 'More than 1 files in the folders, stop listing'
INFO: 2026-06-05 14:20:29,042: download_one_from() 'Adding downloaded file /home/jay/.config/variety/Downloaded/wallhaven_wallhaven_cc_toplist/wallhaven-d8w39m.jpg to unseen_downloads'
INFO: 2026-06-05 14:20:43,297: process_command() 'Received command: ['--previous']'
INFO: 2026-06-05 14:20:43,301: do_set_wp() 'Calling do_set_wp with /home/jay/.config/variety/Downloaded/wallhaven_wallhaven_cc_toplist/wallhaven-ly2ddy.jpg, time: 1780649443.301051'
INFO: 2026-06-05 14:20:43,452: update_indicator() 'Setting file info to: /home/jay/.config/variety/Downloaded/wallhaven_wallhaven_cc_toplist/wallhaven-ly2ddy.jpg'
INFO: 2026-06-05 14:20:43,455: list_files() 'More than 1 files in the folders, stop listing'
INFO: 2026-06-05 14:21:01,268: process_command() 'Received command: ['--next']'
INFO: 2026-06-05 14:21:01,272: do_set_wp() 'Calling do_set_wp with /home/jay/.config/variety/Downloaded/wallhaven_wallhaven_cc_toplist/wallhaven-gw2587.jpg, time: 1780649461.272326'
INFO: 2026-06-05 14:21:01,562: update_indicator() 'Setting file info to: /home/jay/.config/variety/Downloaded/wallhaven_wallhaven_cc_toplist/wallhaven-gw2587.jpg'
INFO: 2026-06-05 14:21:01,564: list_files() 'More than 1 files in the folders, stop listing'
