{"last_download_success": 1765019167.0002406, "unseen_downloads": [], "last_download_failure": 1765025275.2056034}