{"last_download_success": 1764932528.2674549, "unseen_downloads": [], "last_download_failure": 1764944604.3308327}