{"last_download_success": 1764878934.3914652, "unseen_downloads": [], "last_download_failure": 1764912083.2637887}